phi,dV_fd,dV_ana
100,0,0
103.757,0,0
107.654,0,0
111.699,0,0
115.895,0,0
120.249,0,0
124.766,0,0
129.453,0,0
134.316,0,0
139.362,0,0
144.597,0,0
150.029,0,0
155.665,0,0
161.513,0,0
167.581,0,0
173.876,0,0
180.408,0,0
187.186,0,0
194.217,0,0
201.514,0,0
209.084,0,0
216.938,0,0
225.088,0,0
233.544,0,0
242.317,0,0
251.42,5119.82,7153.56
260.865,4256.19,6447.96
270.665,4018.69,6467.41
280.833,2729.66,5367.24
291.383,1123.58,3962.96
302.329,-852.162,2202.58
313.687,-1977.74,1435.18
325.471,-4742.3,-1072.87
337.698,-8068.91,-4126.39
350.384,-12045.5,-7812.64
363.547,-14877.7,-10148.5
377.204,-20261.7,-15188.2
391.375,-26617.5,-21179.1
406.077,-34090.4,-28266
421.332,-40039.1,-33531.6
437.16,-49956.6,-42993.9
453.583,-61523.3,-54081
470.622,-6.61792e+006,-67030.7
488.302,-86427.4,-77549
506.646,-104044,-94575.2
525.679,-124418,-114333
545.427,-142378,-131110
565.917,-168868,-156883
587.177,-199368,-186638
609.235,-234428,-220929
632.122,-266420,-251338
655.869,-311645,-295679
680.507,-363452,-346583
706.072,-422727,-404943
732.597,-478216,-458344
760.118,-554206,-533304
788.673,-640915,-618984
818.301,-739758,-716814
849.042,-834116,-808480
880.937,-960206,-933472
914.031,-1.10362e+006,-1.07584e+006
948.368,-1.26662e+006,-1.23787e+006
983.995,-1.42465e+006,-1.39253e+006
1020.96,-1.63174e+006,-1.59865e+006
1059.31,-1.86667e+006,-1.83277e+006
1099.11,-2.09672e+006,-2.05884e+006
1140.4,-2.39447e+006,-2.35591e+006
1183.24,-2.73171e+006,-2.69274e+006
1227.69,-3.11344e+006,-3.07441e+006
1273.81,-3.49127e+006,-3.44766e+006
1321.66,-3.9736e+006,-3.9304e+006
1371.31,-4.51881e+006,-4.4766e+006
1422.83,-5.1348e+006,-5.09426e+006
1476.28,-5.74996e+006,-5.70466e+006
1531.74,-6.52623e+006,-6.48374e+006
1589.28,-7.40222e+006,-7.36365e+006
1648.99,-8.39031e+006,-8.35696e+006
1710.93,-9.38446e+006,-9.3472e+006
1775.21,-1.06268e+007,-1.05971e+007
1841.9,-1.20266e+007,-1.20065e+007
1911.09,-1.36033e+007,-1.35952e+007
1982.88,-1.51997e+007,-1.51907e+007
2057.37,-1.7178e+007,-1.71854e+007
2134.66,-1.94041e+007,-1.94317e+007
2214.86,-2.16682e+007,-2.16991e+007
2298.06,-2.44577e+007,-2.45157e+007
2384.39,-2.75939e+007,-2.76846e+007
2473.96,-3.11189e+007,-3.12486e+007
2566.9,-3.47213e+007,-3.48662e+007
2663.33,-3.91307e+007,-3.93273e+007
2763.39,-4.40827e+007,-4.43404e+007
2867.2,-4.96427e+007,-4.99723e+007
2974.91,-5.53485e+007,-5.57169e+007
3086.66,-6.22923e+007,-6.27549e+007
3202.62,-7.00829e+007,-7.06559e+007
3322.93,-7.88214e+007,-7.9523e+007
3447.76,-8.78215e+007,-8.86054e+007
3577.29,-9.87187e+007,-9.96699e+007
3711.67,-1.10934e+008,-1.12079e+008
3851.11,-1.24623e+008,-1.25993e+008
3995.78,-1.38766e+008,-1.40296e+008
4145.89,-1.55813e+008,-1.57634e+008
4301.64,-1.74905e+008,-1.77061e+008
4463.23,-1.94676e+008,-1.97086e+008
4630.9,-2.1843e+008,-2.21271e+008
4804.87,-2.45018e+008,-2.48356e+008
4985.37,-2.74772e+008,-2.7868e+008
5172.66,-3.05659e+008,-3.10026e+008
5366.98,-3.42631e+008,-3.47729e+008
5568.6,-3.83982e+008,-3.89919e+008
5777.79,-4.30223e+008,-4.3712e+008
5994.84,-4.78325e+008,-4.86032e+008
6220.05,-5.35713e+008,-5.44647e+008
6453.72,-5.99852e+008,-6.10188e+008
6696.16,-6.71524e+008,-6.83461e+008
6947.71,-7.46215e+008,-7.59554e+008
7208.72,-8.35061e+008,-8.5044e+008
7479.52,-9.3429e+008,-9.51995e+008
7760.5,-1.0451e+009,-1.06545e+009
8052.04,-1.16075e+009,-1.18349e+009
8354.53,-1.29795e+009,-1.32406e+009
8668.38,-1.45108e+009,-1.48102e+009
8994.02,-1.62196e+009,-1.65626e+009
9331.9,-1.80055e+009,-1.83888e+009
9682.47,-2.0119e+009,-2.05575e+009
10046.2,-2.24763e+009,-2.29777e+009
10423.6,-2.49425e+009,-2.55027e+009
10815.2,-2.78557e+009,-2.84955e+009
11221.5,-3.11035e+009,-3.18336e+009
11643,-3.47238e+009,-3.55561e+009
12080.4,-3.85145e+009,-3.94447e+009
12534.2,-4.29834e+009,-4.40431e+009
13005.1,-4.79623e+009,-4.91688e+009
13493.7,-5.35088e+009,-5.48813e+009
14000.6,-5.93205e+009,-6.08543e+009
14526.5,-6.61593e+009,-6.79031e+009
15072.3,-7.37739e+009,-7.57552e+009
15638.5,-8.22511e+009,-8.4501e+009
16226,-9.11382e+009,-9.36524e+009
16835.5,-1.01578e+010,-1.04432e+010
17468,-1.13196e+010,-1.16433e+010
18124.2,-1.26121e+010,-1.29791e+010
18805,-1.39675e+010,-1.43776e+010
19511.5,-1.55575e+010,-1.60222e+010
20244.5,-1.73255e+010,-1.78519e+010
21005,-1.91802e+010,-1.97684e+010
21794.1,-2.13532e+010,-2.20192e+010
22612.8,-2.37685e+010,-2.45222e+010
23462.3,-2.64526e+010,-2.73052e+010
24343.7,-2.92681e+010,-3.02209e+010
25258.2,-3.25627e+010,-3.36403e+010
26207.1,-3.62224e+010,-3.74404e+010
27191.6,-4.02866e+010,-4.1663e+010
28213.1,-4.45487e+010,-4.60869e+010
29272.9,-4.95309e+010,-5.12685e+010
30372.6,-5.50611e+010,-5.70233e+010
31513.6,-6.11986e+010,-6.34137e+010
32697.5,-6.7632e+010,-7.01074e+010
33925.8,-7.51452e+010,-7.79389e+010
35200.3,-8.34788e+010,-8.66308e+010
36522.7,-9.27207e+010,-9.62759e+010
37894.7,-1.02402e+011,-1.06375e+011
39318.3,-1.13699e+011,-1.18179e+011
40795.3,-1.2622e+011,-1.31271e+011
42327.9,-1.3933e+011,-1.44974e+011
43918,-1.54617e+011,-1.60979e+011
45567.9,-1.71551e+011,-1.78719e+011
47279.7,-1.90305e+011,-1.98379e+011
49055.8,-2.09919e+011,-2.18942e+011
50898.7,-2.32777e+011,-2.4294e+011
52810.8,-2.58076e+011,-2.6952e+011
54794.7,-2.8607e+011,-2.98953e+011
56853.2,-3.15308e+011,-3.29706e+011
58989,-3.49368e+011,-3.65573e+011
61205,-3.87029e+011,-4.05265e+011
63504.3,-4.28663e+011,-4.4918e+011
65889.9,-4.72075e+011,-4.95004e+011
68365.2,-5.22629e+011,-5.48423e+011
70933.4,-5.78474e+011,-6.07484e+011
73598.1,-6.40147e+011,-6.72769e+011
76363,-7.04324e+011,-7.4078e+011
79231.7,-7.79046e+011,-8.20035e+011
82208.2,-8.61498e+011,-9.07574e+011
85296.4,-9.65401e+012,-9.98643e+011
88500.7,-1.04687e+012,-1.10474e+012
91825.4,-1.1568e+012,-1.22183e+012
95275,-1.27795e+012,-1.35103e+012
98854.2,-1.40345e+012,-1.48512e+012
102568,-1.54957e+012,-1.64132e+012
106421,-1.71045e+012,-1.81351e+012
110419,-1.88751e+012,-2.00326e+012
114567,-2.07029e+012,-2.19965e+012
118871,-2.28319e+012,-2.42845e+012
123336,-2.51723e+012,-2.68034e+012
127970,-2.7744e+012,-2.95752e+012
132777,-3.03879e+012,-3.24344e+012
137765,-3.34692e+012,-3.57665e+012
142940,-3.68506e+012,-3.94291e+012
148310,-4.05595e+012,-4.34533e+012
153882,-4.43532e+012,-4.75872e+012
159663,-4.87787e+012,-5.24077e+012
165661,-5.36251e+012,-5.7697e+012
171884,-5.89296e+012,-6.34978e+012
178341,-6.43216e+012,-6.94269e+012
185041,-7.06196e+012,-7.63467e+012
191992,-7.74998e+012,-8.39238e+012
199205,-8.44543e+012,-9.16335e+012
206688,-9.2587e+012,-1.00639e+013
214453,-1.01452e+013,-1.10481e+013
222509,-1.11107e+013,-1.21232e+013
230868,-1.20775e+013,-1.32091e+013
239541,-1.32108e+013,-1.44795e+013
248539,-1.44416e+013,-1.58641e+013
257876,-1.57772e+013,-1.73719e+013
267564,-1.70985e+013,-1.88806e+013
277615,-1.86521e+013,-2.06497e+013
288044,-2.03318e+013,-2.25709e+013
298865,-2.21457e+013,-2.46551e+013
310093,-2.3911e+013,-2.67155e+013
321742,-2.5996e+013,-2.91388e+013
333829,-2.82367e+013,-3.17584e+013
346369,-3.06405e+013,-3.45865e+013
359381,-3.29269e+013,-3.73369e+013
372882,-3.56452e+013,-4.05861e+013
386890,-3.85416e+013,-4.4077e+013
401424,-4.12296e+013,-4.74158e+013
416504,-4.44486e+013,-5.13786e+013
432151,-4.78468e+013,-5.56094e+013
448386,-5.1421e+013,-6.01156e+013
465230,-5.4576e+013,-6.42929e+013
482707,-5.84137e+013,-6.92967e+013
500841,-6.23881e+013,-7.45761e+013
519656,-6.64769e+013,-8.01255e+013
539177,-6.97627e+013,-8.50162e+013
559433,-7.3886e+013,-9.09665e+013
580449,-7.79978e+013,-9.71229e+013
602254,-8.20368e+013,-1.0345e+014
624879,-8.45871e+013,-1.08518e+014
648353,-8.80883e+013,-1.14881e+014
672710,-9.12193e+013,-1.21213e+014
697981,-9.38422e+013,-1.27419e+014
724202,-9.37692e+013,-1.31294e+014
751408,-9.46246e+013,-1.36629e+014
779636,-9.43498e+013,-1.41366e+014
808924,-8.99143e+013,-1.42459e+014
839313,-8.61818e+013,-1.44992e+014
870843,-8.02822e+013,-1.46102e+014
903558,-7.17528e+013,-1.45414e+014
937502,-5.59018e+013,-1.38225e+014
972720,-3.99391e+013,-1.32065e+014
1.00926e+006,-1.93826e+013,-1.22473e+014
1.04718e+006,6.63374e+012,-1.08721e+014
1.08652e+006,4.53823e+013,-8.35373e+013
1.12733e+006,8.619e+013,-5.80596e+013
1.16968e+006,1.36064e+014,-2.53312e+013
1.21362e+006,1.9658e+014,1.60108e+013
1.25922e+006,2.79024e+014,7.72209e+013
1.30652e+006,3.67619e+014,1.41851e+014
1.3556e+006,4.7333e+014,2.20763e+014
1.40653e+006,5.98972e+014,3.16435e+014
1.45937e+006,7.62068e+014,4.46308e+014
1.51419e+006,9.39344e+014,5.86132e+014
1.57107e+006,1.14797e+015,7.52884e+014
1.63009e+006,5.73045e+015,9.50984e+014
1.69133e+006,1.70136e+015,1.20748e+015
1.75487e+006,2.03909e+015,1.4867e+015
1.82079e+006,2.433e+015,1.8152e+015
1.88919e+006,2.92104e+015,2.23058e+015
1.96016e+006,3.45749e+015,2.6853e+015
2.0338e+006,4.08009e+015,3.21652e+015
2.1102e+006,4.80171e+015,3.83599e+015
2.18948e+006,5.68143e+015,4.60215e+015
2.27173e+006,6.65219e+015,5.44528e+015
2.35707e+006,7.77323e+015,6.42364e+015
2.44562e+006,9.0665e+015,7.55743e+015
2.53749e+006,1.06241e+016,8.93758e+015
2.63282e+006,1.23479e+016,1.04621e+016
2.73172e+006,1.43309e+016,1.22224e+016
2.83434e+006,1.66103e+016,1.4253e+016
2.94082e+006,1.93299e+016,1.66953e+016
3.0513e+006,2.23462e+016,1.94008e+016
3.16592e+006,2.58058e+016,2.25128e+016
3.28486e+006,2.97711e+016,2.60897e+016
3.40826e+006,3.44664e+016,3.03521e+016
3.5363e+006,3.96833e+016,3.50839e+016
3.66914e+006,4.56521e+016,4.05105e+016
3.80698e+006,5.2686e+016,4.69398e+016
3.95e+006,6.05097e+016,5.40864e+016
4.09838e+006,6.94468e+016,6.22668e+016
4.25235e+006,7.9651e+016,7.16254e+016
4.41209e+006,9.16124e+016,8.2643e+016
4.57784e+006,1.04933e+017,9.49073e+016
4.74981e+006,1.20122e+017,1.08916e+017
4.92825e+006,1.37434e+017,1.2491e+017
5.11339e+006,1.57637e+017,1.43641e+017
5.30548e+006,1.80158e+017,1.64514e+017
5.50479e+006,2.05799e+017,1.88315e+017
5.71159e+006,2.34982e+017,2.15443e+017
5.92615e+006,2.68908e+017,2.47071e+017
6.14878e+006,3.06756e+017,2.82353e+017
6.37977e+006,3.49792e+017,3.2252e+017
6.61943e+006,3.98713e+017,3.68236e+017
6.8681e+006,4.55396e+017,4.21336e+017
7.12612e+006,5.18676e+017,4.80615e+017
7.39382e+006,5.90547e+017,5.48017e+017
7.67158e+006,6.73642e+017,6.2611e+017
7.95978e+006,7.66446e+017,7.13333e+017
8.2588e+006,8.71769e+017,8.12421e+017
8.56906e+006,9.91272e+017,9.24959e+017
8.89097e+006,1.12908e+018,1.05497e+018
9.22497e+006,1.28307e+018,1.20026e+018
9.57152e+006,1.45767e+018,1.36515e+018
9.93109e+006,1.6556e+018,1.55223e+018
1.03042e+007,1.88334e+018,1.76781e+018
1.06913e+007,2.13792e+018,2.00885e+018
1.10929e+007,2.42635e+018,2.28215e+018
1.15096e+007,2.75306e+018,2.59195e+018
1.1942e+007,3.12821e+018,2.94816e+018
1.23906e+007,3.54773e+018,3.34658e+018
1.28561e+007,4.02268e+018,3.79796e+018
1.33391e+007,4.56028e+018,4.30924e+018
1.38402e+007,5.17648e+018,4.89592e+018
1.43601e+007,5.86579e+018,5.55237e+018
1.48996e+007,6.64565e+018,6.29553e+018
1.54593e+007,7.53844e+018,7.14715e+018
1.604e+007,8.53734e+018,8.10025e+018
1.66426e+007,9.66694e+018,9.17868e+018
1.72678e+007,1.09442e+019,1.03988e+019
1.79165e+007,1.24042e+019,1.17946e+019
1.85896e+007,1.40381e+019,1.33572e+019
1.92879e+007,1.58847e+019,1.51242e+019
2.00125e+007,1.79716e+019,1.71221e+019
2.07643e+007,2.03539e+019,1.94046e+019
2.15443e+007,2.30206e+019,2.19602e+019
2.23537e+007,2.60329e+019,2.48485e+019
2.31935e+007,2.94353e+019,2.81125e+019
2.40648e+007,3.33147e+019,3.18363e+019
2.49688e+007,3.76579e+019,3.60067e+019
2.59068e+007,4.25618e+019,4.07176e+019
2.688e+007,4.80982e+019,4.60386e+019
2.78898e+007,5.44037e+019,5.21019e+019
2.89375e+007,6.14641e+019,5.88934e+019
3.00246e+007,6.94326e+019,6.65616e+019
3.11525e+007,7.84251e+019,7.52187e+019
3.23228e+007,8.86563e+019,8.5073e+019
3.35371e+007,1.00114e+020,9.61123e+019
3.4797e+007,1.1304e+020,1.08571e+020
3.61042e+007,1.27737e+020,1.22742e+020
3.74605e+007,1.44196e+020,1.38619e+020
3.88678e+007,1.6276e+020,1.56532e+020
4.03279e+007,1.83695e+020,1.7674e+020
4.18429e+007,2.07477e+020,1.99704e+020
4.34148e+007,2.34114e+020,2.25434e+020
4.50457e+007,2.64146e+020,2.54453e+020
4.6738e+007,2.98003e+020,2.87178e+020
4.84937e+007,3.36432e+020,3.24335e+020
5.03155e+007,3.79479e+020,3.65971e+020
5.22057e+007,4.27996e+020,4.12912e+020
5.41669e+007,4.82674e+020,4.65832e+020
5.62017e+007,5.44691e+020,5.25868e+020
5.83131e+007,6.14165e+020,5.93147e+020
6.05037e+007,6.92443e+020,6.68975e+020
6.27766e+007,7.80636e+020,7.54432e+020
6.51349e+007,8.80595e+020,8.5131e+020
6.75818e+007,9.92582e+020,9.59884e+020
7.01206e+007,1.11872e+021,1.08222e+021
7.27548e+007,1.26163e+021,1.22083e+021
7.5488e+007,1.42173e+021,1.37618e+021
7.83238e+007,1.60204e+021,1.55117e+021
8.12662e+007,1.80508e+021,1.74829e+021
8.43191e+007,2.03496e+021,1.9715e+021
8.74867e+007,2.29252e+021,2.22166e+021
9.07733e+007,2.58251e+021,2.50339e+021
9.41833e+007,2.90897e+021,2.82065e+021
9.77215e+007,3.27839e+021,3.17968e+021
1.01393e+008,3.69231e+021,3.5821e+021
1.05202e+008,4.15821e+021,4.03517e+021
1.09154e+008,4.6826e+021,4.54524e+021
1.13254e+008,5.27568e+021,5.12216e+021
1.17509e+008,5.9402e+021,5.76881e+021
1.21923e+008,6.68802e+021,6.49669e+021
1.26503e+008,7.52954e+021,7.31594e+021
1.31256e+008,8.48079e+021,8.24208e+021
1.36187e+008,9.54668e+021,9.28018e+021
1.41303e+008,1.07459e+022,1.04484e+022
1.46611e+008,1.21011e+022,1.17686e+022
1.52119e+008,1.36196e+022,1.32484e+022
1.57833e+008,1.53277e+022,1.49134e+022
1.63762e+008,1.72492e+022,1.67866e+022
1.69914e+008,1.94196e+022,1.89026e+022
1.76298e+008,2.18515e+022,2.12744e+022
1.8292e+008,2.45867e+022,2.39425e+022
1.89792e+008,2.76629e+022,2.69438e+022
1.96922e+008,3.11361e+022,3.03324e+022
2.0432e+008,3.50279e+022,3.41308e+022
2.11995e+008,3.94043e+022,3.84028e+022
2.19959e+008,4.43252e+022,4.32074e+022
2.28222e+008,4.98791e+022,4.86298e+022
2.36796e+008,5.61025e+022,5.4708e+022
2.45692e+008,6.30994e+022,6.15428e+022
2.54921e+008,7.09657e+022,6.92282e+022
2.64498e+008,7.98404e+022,7.78986e+022
2.74434e+008,8.9785e+022,8.76175e+022
2.84744e+008,1.00964e+023,9.85443e+022
2.95441e+008,5.46572e+022,1.10829e+023
3.0654e+008,1.27701e+023,1.24683e+023
3.18055e+008,1.43581e+023,1.40212e+023
3.30003e+008,1.61429e+023,1.57669e+023
3.42401e+008,1.81553e+023,1.77351e+023
3.55263e+008,2.04103e+023,1.99412e+023
3.6861e+008,2.29444e+023,2.24209e+023
3.82457e+008,2.57921e+023,2.52078e+023
3.96825e+008,2.90021e+023,2.8349e+023
4.11732e+008,3.25989e+023,3.187e+023
4.27199e+008,3.66403e+023,3.58268e+023
4.43248e+008,4.11812e+023,4.02732e+023
4.59899e+008,4.62982e+023,4.52834e+023
4.77176e+008,5.20318e+023,5.08992e+023
4.95102e+008,5.84733e+023,5.72092e+023
5.13701e+008,6.57099e+023,6.4299e+023
5.32999e+008,7.38622e+023,7.22854e+023
5.53022e+008,8.29968e+023,8.1237e+023
5.73798e+008,9.32579e+023,9.12938e+023
5.95353e+008,1.04784e+024,1.02592e+024
6.17719e+008,1.17765e+024,1.15315e+024
6.40924e+008,1.3231e+024,1.29576e+024
6.65002e+008,1.48647e+024,1.45595e+024
6.89984e+008,1.67042e+024,1.63632e+024
7.15904e+008,1.87654e+024,1.83847e+024
7.42798e+008,2.10801e+024,2.06554e+024
7.70703e+008,2.36797e+024,2.32056e+024
7.99655e+008,2.66062e+024,2.60764e+024
8.29696e+008,2.98852e+024,2.92939e+024
8.60865e+008,3.35672e+024,3.29073e+024
8.93205e+008,3.77017e+024,3.69653e+024
9.26759e+008,4.23551e+024,4.1532e+024
9.61575e+008,4.75689e+024,4.66503e+024
9.97698e+008,5.34229e+024,5.23978e+024
1.03518e+009,5.99955e+024,5.88515e+024
1.07407e+009,6.73913e+024,6.61128e+024
1.11442e+009,7.56777e+024,7.42509e+024
1.15628e+009,8.49805e+024,8.33883e+024
1.19972e+009,9.54243e+024,9.36473e+024
1.24479e+009,1.07173e+025,1.05188e+025
1.29155e+009,1.20337e+025,1.18121e+025
1.34007e+009,1.35114e+025,1.32641e+025
1.39041e+009,1.51736e+025,1.48972e+025
1.44264e+009,1.70358e+025,1.67274e+025
1.49684e+009,1.91261e+025,1.87819e+025
1.55307e+009,2.14723e+025,2.10882e+025
1.61141e+009,2.41109e+025,2.36816e+025
1.67195e+009,2.70671e+025,2.6588e+025
1.73476e+009,3.03849e+025,2.98503e+025
1.79993e+009,3.41085e+025,3.3512e+025
1.86755e+009,3.82954e+025,3.76287e+025
1.9377e+009,4.29861e+025,4.22421e+025
2.0105e+009,4.82502e+025,4.742e+025
2.08602e+009,5.41575e+025,5.32311e+025
2.16439e+009,6.07987e+025,5.97633e+025
2.2457e+009,6.82388e+025,6.70834e+025
2.33006e+009,7.65875e+025,7.52983e+025
2.41759e+009,8.59557e+025,8.4517e+025
2.50842e+009,9.64857e+025,9.48778e+025
2.60265e+009,1.08282e+026,1.06488e+026
2.70042e+009,1.21518e+026,1.19516e+026
2.80187e+009,1.36394e+026,1.34157e+026
2.90712e+009,1.53059e+026,1.50562e+026
3.01633e+009,1.71756e+026,1.6897e+026
3.12965e+009,1.92733e+026,1.89624e+026
3.24722e+009,2.16305e+026,2.12831e+026
3.36921e+009,2.42711e+026,2.38834e+026
3.49578e+009,2.72335e+026,2.68009e+026
3.6271e+009,3.05568e+026,3.00741e+026
3.76336e+009,3.42907e+026,3.37512e+026
3.90474e+009,3.84734e+026,3.78714e+026
4.05142e+009,4.31654e+026,4.24937e+026
4.20362e+009,4.84287e+026,4.76791e+026
4.36154e+009,5.43413e+026,5.35036e+026
4.52539e+009,6.09645e+026,6.00298e+026
4.69539e+009,6.83935e+026,6.73506e+026
4.87178e+009,7.67264e+026,7.55627e+026
5.0548e+009,8.6086e+026,8.47854e+026
5.24469e+009,9.65703e+026,9.51191e+026
5.44171e+009,1.08329e+027,1.0671e+027
5.64614e+009,1.21518e+027,1.19711e+027
5.85825e+009,1.36329e+027,1.3431e+027
6.07832e+009,1.52921e+027,1.50668e+027
6.30667e+009,1.71527e+027,1.69014e+027
6.54359e+009,1.92423e+027,1.89613e+027
6.78941e+009,2.15827e+027,2.12693e+027
7.04446e+009,2.42074e+027,2.38577e+027
7.3091e+009,2.71508e+027,2.67606e+027
7.58368e+009,3.04558e+027,3.00196e+027
7.86857e+009,3.41576e+027,3.36709e+027
8.16417e+009,3.83086e+027,3.77656e+027
8.47087e+009,4.29634e+027,4.23575e+027
8.78909e+009,4.81893e+027,4.75122e+027
9.11927e+009,5.40425e+027,5.3287e+027
9.46185e+009,6.06057e+027,5.97628e+027
9.8173e+009,6.79648e+027,6.70243e+027
1.01861e+010,7.62259e+027,7.51747e+027
1.05688e+010,8.54785e+027,8.43057e+027
1.09658e+010,9.58526e+027,9.45441e+027
1.13777e+010,1.07484e+028,1.06024e+028
1.18052e+010,1.2054e+028,1.18908e+028
1.22486e+010,1.35162e+028,1.33341e+028
1.27088e+010,1.51556e+028,1.49524e+028
1.31862e+010,1.69955e+028,1.67685e+028
1.36816e+010,1.90562e+028,1.88029e+028
1.41955e+010,2.13664e+028,2.10838e+028
1.47288e+010,2.39564e+028,2.36411e+028
1.52821e+010,2.68629e+028,2.65105e+028
1.58562e+010,3.0118e+028,2.97249e+028
1.64519e+010,3.37671e+028,3.33284e+028
1.70699e+010,3.78577e+028,3.73683e+028
1.77112e+010,4.24479e+028,4.1901e+028
1.83766e+010,4.75886e+028,4.69783e+028
1.90669e+010,5.3351e+028,5.26701e+028
1.97832e+010,5.98103e+028,5.90506e+028
2.05264e+010,6.70577e+028,6.62088e+028
2.12975e+010,7.51742e+028,7.4227e+028
2.20976e+010,8.42717e+028,8.32149e+028
2.29277e+010,9.44689e+028,9.32898e+028
2.3789e+010,1.05909e+029,1.04592e+029
2.46827e+010,1.18721e+029,1.17251e+029
2.56099e+010,1.33081e+029,1.3144e+029
2.6572e+010,1.4919e+029,1.47357e+029
2.75702e+010,1.6723e+029,1.65185e+029
2.8606e+010,1.87449e+029,1.85167e+029
2.96806e+010,2.10109e+029,2.07563e+029
3.07956e+010,2.35528e+029,2.32683e+029
3.19525e+010,2.63993e+029,2.60819e+029
3.31528e+010,2.95894e+029,2.92353e+029
3.43983e+010,3.31646e+029,3.27694e+029
3.56905e+010,3.71746e+029,3.67331e+029
3.70313e+010,4.16651e+029,4.11724e+029
3.84224e+010,4.66973e+029,4.61477e+029
3.98658e+010,5.23367e+029,5.17235e+029
4.13634e+010,5.86616e+029,5.79763e+029
4.29173e+010,6.5744e+029,6.49794e+029
4.45296e+010,7.36805e+029,7.28274e+029
4.62024e+010,8.25741e+029,8.16223e+029
4.79381e+010,9.25479e+029,9.14843e+029
4.9739e+010,1.03716e+030,1.02529e+030
5.16075e+010,1.1623e+030,1.14907e+030
5.35462e+010,1.31951e+030,1.28785e+030
5.55578e+010,1.45978e+030,1.44328e+030
5.76449e+010,1.63586e+030,1.61744e+030
5.98104e+010,1.83315e+030,1.8126e+030
6.20573e+010,2.05437e+030,2.03141e+030
6.43886e+010,2.30208e+030,2.27646e+030
6.68074e+010,2.57962e+030,2.55104e+030
6.93172e+010,2.89059e+030,2.8587e+030
7.19212e+010,3.23926e+030,3.20363e+030
7.4623e+010,3.62965e+030,3.5899e+030
7.74264e+010,4.06705e+030,4.0227e+030
8.0335e+010,4.55711e+030,4.50763e+030
8.33529e+010,5.10655e+030,5.05125e+030
8.64842e+010,5.72171e+030,5.66002e+030
8.97332e+010,6.41092e+030,6.34209e+030
9.31041e+010,7.18306e+030,7.10627e+030
9.66017e+010,8.0487e+030,7.96289e+030
1.00231e+011,9.01788e+030,8.92215e+030
1.03996e+011,1.01037e+031,9.99685e+030
1.07903e+011,1.132e+031,1.12009e+031
1.11956e+011,1.26836e+031,1.25505e+031
1.16162e+011,1.42103e+031,1.40617e+031
1.20526e+011,1.59205e+031,1.57548e+031
1.25054e+011,1.78377e+031,1.76524e+031
1.29752e+011,1.9984e+031,1.97774e+031
1.34626e+011,2.23884e+031,2.21579e+031
1.39684e+011,2.50818e+031,2.48246e+031
1.44931e+011,2.81008e+031,2.78134e+031
1.50376e+011,3.14808e+031,3.11601e+031
1.56025e+011,3.52669e+031,3.49091e+031
1.61886e+011,3.95079e+031,3.91088e+031
1.67967e+011,4.42614e+031,4.38154e+031
1.74277e+011,4.9583e+031,4.90854e+031
1.80824e+011,5.55439e+031,5.49887e+031
1.87617e+011,6.22208e+031,6.16014e+031
1.94666e+011,6.9704e+031,6.90118e+031
2.01979e+011,7.80814e+031,7.73092e+031
2.09566e+011,8.74648e+031,8.66033e+031
2.17439e+011,9.79749e+031,9.70138e+031
2.25607e+011,1.09753e+032,1.08679e+032
2.34083e+011,1.22939e+032,1.21741e+032
2.42876e+011,1.37708e+032,1.36371e+032
2.52e+011,1.54259e+032,1.52765e+032
2.61467e+011,1.72786e+032,1.7112e+032
2.7129e+011,1.93537e+032,1.91678e+032
2.81481e+011,2.16778e+032,2.14704e+032
2.92056e+011,2.42822e+032,2.40505e+032
3.03027e+011,2.71977e+032,2.69391e+032
3.14411e+011,3.04629e+032,3.01744e+032
3.26222e+011,3.41197e+032,3.37979e+032
3.38477e+011,3.82174e+032,3.78577e+032
3.51193e+011,4.28043e+032,4.24031e+032
3.64386e+011,4.79414e+032,4.74937e+032
3.78075e+011,5.36944e+032,5.3195e+032
3.92278e+011,6.01406e+032,5.95825e+032
4.07014e+011,6.73563e+032,6.67337e+032
4.22304e+011,7.54372e+032,7.47425e+032
4.38169e+011,8.44867e+032,8.37118e+032
4.5463e+011,9.4626e+032,9.376e+032
4.71708e+011,1.05976e+033,1.05009e+033
4.89429e+011,1.18685e+033,1.17608e+033
5.07815e+011,1.32925e+033,1.31721e+033
5.26892e+011,1.48864e+033,1.47521e+033
5.46686e+011,1.66713e+033,1.65214e+033
5.67223e+011,1.86701e+033,1.85029e+033
5.88532e+011,2.09094e+033,2.07225e+033
6.10641e+011,2.34159e+033,2.32074e+033
6.3358e+011,2.62225e+033,2.599e+033
6.57382e+011,2.93654e+033,2.91059e+033
6.82078e+011,3.28863e+033,3.25964e+033
7.07701e+011,3.68273e+033,3.65038e+033
7.34287e+011,4.12401e+033,4.08792e+033
7.61872e+011,4.61814e+033,4.57787e+033
7.90493e+011,5.17167e+033,5.12668e+033
8.20189e+011,5.79122e+033,5.74103e+033
8.51001e+011,6.48495e+033,6.42895e+033
8.8297e+011,7.26172e+033,7.19925e+033
9.1614e+011,8.13184e+033,8.06203e+033
9.50557e+011,9.10572e+033,9.02784e+033
9.86266e+011,1.01962e+034,1.01093e+034
1.02332e+012,1.14832e+034,1.13202e+034
1.06176e+012,1.27847e+034,1.26764e+034
1.10165e+012,1.43154e+034,1.41945e+034
1.14303e+012,1.60292e+034,1.58944e+034
1.18597e+012,1.79488e+034,1.77982e+034
1.23052e+012,2.00973e+034,1.99292e+034
1.27675e+012,2.25028e+034,2.23153e+034
1.32471e+012,2.5196e+034,2.49868e+034
1.37448e+012,2.82125e+034,2.79788e+034
1.42611e+012,3.15886e+034,3.13278e+034
1.47969e+012,3.53684e+034,3.50775e+034
1.53528e+012,3.96002e+034,3.92757e+034
1.59295e+012,4.43399e+034,4.39772e+034
1.65279e+012,4.96444e+034,4.92398e+034
1.71488e+012,5.55831e+034,5.51317e+034
1.7793e+012,6.22318e+034,6.17282e+034
1.84615e+012,6.96781e+034,6.91154e+034
1.9155e+012,7.80116e+034,7.73838e+034
1.98746e+012,8.73412e+034,8.66408e+034
2.06212e+012,9.77859e+034,9.70045e+034
2.13959e+012,1.09483e+035,1.0861e+035
2.21997e+012,1.22574e+035,1.216e+035
2.30336e+012,1.37229e+035,1.36142e+035
2.38989e+012,1.53641e+035,1.52427e+035
2.47967e+012,1.72008e+035,1.70653e+035
2.57283e+012,1.92569e+035,1.91058e+035
2.66948e+012,2.15587e+035,2.13901e+035
2.76976e+012,2.41364e+035,2.39479e+035
2.87381e+012,2.7021e+035,2.68108e+035
2.98177e+012,3.02501e+035,3.00156e+035
3.09379e+012,3.3865e+035,3.36034e+035
3.21001e+012,3.7913e+035,3.76207e+035
3.3306e+012,4.2443e+035,4.21168e+035
3.45572e+012,4.75139e+035,4.715e+035
3.58554e+012,5.31903e+035,5.27844e+035
3.72024e+012,5.95467e+035,5.90931e+035
3.85999e+012,6.66598e+035,6.61538e+035
4.005e+012,7.46221e+035,7.40575e+035
4.15546e+012,8.35349e+035,8.29051e+035
4.31156e+012,9.35151e+035,9.28113e+035
4.47353e+012,1.04683e+036,1.03898e+036
4.64159e+012,1.17184e+036,1.16308e+036
4.81596e+012,1.31182e+036,1.30203e+036
4.99688e+012,1.46845e+036,1.45753e+036
5.18459e+012,1.64378e+036,1.6316e+036
5.37936e+012,1.84003e+036,1.82644e+036
5.58145e+012,2.05977e+036,2.04458e+036
5.79112e+012,2.30566e+036,2.28871e+036
6.00868e+012,2.58088e+036,2.56198e+036
6.2344e+012,2.88894e+036,2.86785e+036
6.46861e+012,3.23386e+036,3.21029e+036
6.71161e+012,3.61981e+036,3.59352e+036
6.96374e+012,4.0518e+036,4.02248e+036
7.22535e+012,4.53532e+036,4.50261e+036
7.49678e+012,5.07668e+036,5.04012e+036
7.77841e+012,5.68244e+036,5.64165e+036
8.07062e+012,6.36043e+036,6.31493e+036
8.37381e+012,7.11928e+036,7.06852e+036
8.68838e+012,7.96888e+036,7.91215e+036
9.01478e+012,8.91952e+036,8.85624e+036
9.35343e+012,9.98352e+036,9.91291e+036
9.70481e+012,1.11747e+037,1.10958e+037
1.00694e+013,1.25076e+037,1.24196e+037
1.04477e+013,1.39994e+037,1.39012e+037
1.08401e+013,1.56689e+037,1.55594e+037
1.12474e+013,1.75381e+037,1.74157e+037
1.16699e+013,1.96295e+037,1.9493e+037
1.21083e+013,2.19702e+037,2.18179e+037
1.25632e+013,2.45899e+037,2.44199e+037
1.30351e+013,2.75226e+037,2.73327e+037
1.35248e+013,3.08039e+037,3.0592e+037
1.40329e+013,3.44763e+037,3.42399e+037
1.45601e+013,3.85863e+037,3.83226e+037
1.5107e+013,4.31874e+037,4.28927e+037
1.56746e+013,4.83353e+037,4.80065e+037
1.62634e+013,5.40965e+037,5.37298e+037
1.68744e+013,6.05442e+037,6.0135e+037
1.75083e+013,6.7762e+037,6.73047e+037
1.8166e+013,7.58375e+037,7.53274e+037
1.88484e+013,8.4875e+037,8.43059e+037
1.95565e+013,9.49891e+037,9.43542e+037
2.02912e+013,1.06311e+038,1.05601e+038
2.10535e+013,1.18978e+038,1.18186e+038
2.18444e+013,1.33154e+038,1.32271e+038
2.2665e+013,1.49022e+038,1.48035e+038
2.35164e+013,1.66776e+038,1.65675e+038
2.43999e+013,1.86643e+038,1.85415e+038
2.53165e+013,2.08877e+038,2.07507e+038
2.62675e+013,2.33764e+038,2.32233e+038
2.72543e+013,2.61608e+038,2.599e+038
2.82782e+013,2.92767e+038,2.90862e+038
2.93405e+013,3.27636e+038,3.2551e+038
3.04427e+013,3.66666e+038,3.6429e+038
3.15864e+013,4.10332e+038,4.07681e+038
3.27729e+013,4.59195e+038,4.56238e+038
3.40041e+013,5.13875e+038,5.10576e+038
3.52815e+013,5.75079e+038,5.71393e+038
3.6607e+013,6.43552e+038,6.39439e+038
3.79822e+013,7.20174e+038,7.15586e+038
3.9409e+013,8.05915e+038,8.00796e+038
4.08895e+013,9.01884e+038,8.96164e+038
4.24256e+013,1.00925e+039,1.00287e+039
4.40194e+013,1.12939e+039,1.12227e+039
4.5673e+013,1.26386e+039,1.2559e+039
4.73888e+013,1.41429e+039,1.40542e+039
4.9169e+013,1.58263e+039,1.57273e+039
5.10162e+013,1.77099e+039,1.75994e+039
5.29327e+013,1.98181e+039,1.96947e+039
5.49212e+013,2.21766e+039,2.20389e+039
5.69844e+013,2.48157e+039,2.46621e+039
5.91251e+013,2.77687e+039,2.75973e+039
6.13462e+013,3.10738e+039,3.08822e+039
6.36508e+013,3.47711e+039,3.45575e+039
6.60419e+013,3.89083e+039,3.86699e+039
6.85229e+013,4.35374e+039,4.32715e+039
7.10971e+013,4.87184e+039,4.84212e+039
7.3768e+013,5.45143e+039,5.41827e+039
7.65392e+013,6.09994e+039,6.06295e+039
7.94145e+013,6.82556e+039,6.7843e+039
8.23979e+013,7.63767e+039,7.59156e+039
8.54933e+013,8.54614e+039,8.4947e+039
8.8705e+013,9.56263e+039,9.50524e+039
9.20373e+013,1.07003e+040,1.06361e+040
9.54949e+013,1.19729e+040,1.19013e+040
9.90823e+013,1.33967e+040,1.33169e+040
1.02804e+014,1.49899e+040,1.49009e+040
1.06666e+014,1.67729e+040,1.66734e+040
1.10674e+014,1.87674e+040,1.86564e+040
1.14831e+014,2.0999e+040,2.08751e+040
1.19145e+014,2.34958e+040,2.33576e+040
1.23621e+014,2.62901e+040,2.61356e+040
1.28265e+014,2.94158e+040,2.92435e+040
1.33083e+014,3.29129e+040,3.27207e+040
1.38083e+014,3.68258e+040,3.66113e+040
1.4327e+014,4.12046e+040,4.0965e+040
1.48652e+014,4.61027e+040,4.58354e+040
1.54237e+014,5.1583e+040,5.12847e+040
1.60031e+014,5.77144e+040,5.73816e+040
1.66043e+014,6.45759e+040,6.42041e+040
1.72281e+014,7.22511e+040,7.18363e+040
1.78753e+014,8.08383e+040,8.03755e+040
1.85468e+014,8.88093e+040,8.99307e+040
1.92435e+014,1.01197e+041,1.0062e+041
1.99664e+014,1.13223e+041,1.12579e+041
2.07165e+014,1.26677e+041,1.25959e+041
2.14947e+014,1.41734e+041,1.40931e+041
2.23022e+014,1.58575e+041,1.5768e+041
2.31401e+014,1.77417e+041,1.76418e+041
2.40093e+014,1.98497e+041,1.97382e+041
2.49113e+014,2.22086e+041,2.2084e+041
2.58471e+014,2.48471e+041,2.47082e+041
2.68181e+014,2.7799e+041,2.7644e+041
2.78256e+014,3.11015e+041,3.09285e+041
2.88709e+014,3.47969e+041,3.46037e+041
2.99555e+014,3.89304e+041,3.87148e+041
3.10808e+014,4.35548e+041,4.33142e+041
3.22484e+014,4.87282e+041,4.84599e+041
3.34599e+014,5.45173e+041,5.42174e+041
3.47169e+014,6.09924e+041,6.06578e+041
3.60211e+014,6.82363e+041,6.78631e+041
3.73743e+014,7.63404e+041,7.59239e+041
3.87783e+014,8.54085e+041,8.49431e+041
4.02351e+014,9.55512e+041,9.5032e+041
4.17466e+014,1.06898e+042,1.06319e+042
4.33148e+014,1.19595e+042,1.18947e+042
4.4942e+014,1.33796e+042,1.33073e+042
4.66303e+014,1.49682e+042,1.48877e+042
4.83821e+014,1.67455e+042,1.66556e+042
5.01997e+014,1.87341e+042,1.86337e+042
5.20855e+014,2.09584e+042,2.08463e+042
5.40422e+014,2.34466e+042,2.33215e+042
5.60723e+014,2.62301e+042,2.60906e+042
5.81788e+014,2.93447e+042,2.91888e+042
6.03644e+014,3.28282e+042,3.26543e+042
6.26321e+014,3.67251e+042,3.65311e+042
6.4985e+014,4.10845e+042,4.0868e+042
6.74262e+014,4.59622e+042,4.57203e+042
6.99592e+014,5.14177e+042,5.11478e+042
7.25873e+014,5.75205e+042,5.72194e+042
7.53142e+014,6.43474e+042,6.40115e+042
7.81435e+014,7.1986e+042,7.16106e+042
8.10791e+014,8.05292e+042,8.01104e+042
8.4125e+014,9.00861e+042,8.96188e+042
8.72853e+014,1.00779e+043,1.00257e+043
9.05643e+014,1.12738e+043,1.12156e+043
9.39665e+014,1.26116e+043,1.25466e+043
9.74965e+014,1.41081e+043,1.40356e+043
1.01159e+015,1.57825e+043,1.57014e+043
1.04959e+015,1.76551e+043,1.75647e+043
1.08902e+015,1.97499e+043,1.9649e+043
1.12993e+015,2.20931e+043,2.19805e+043
1.17238e+015,2.47148e+043,2.4589e+043
1.21642e+015,2.76469e+043,2.75066e+043
1.26212e+015,3.09267e+043,3.07702e+043
1.30954e+015,3.45956e+043,3.44209e+043
1.35873e+015,3.87004e+043,3.85052e+043
1.40977e+015,4.32911e+043,4.30734e+043
1.46273e+015,4.84263e+043,4.81833e+043
1.51768e+015,5.41704e+043,5.38993e+043
1.5747e+015,6.0597e+043,6.02941e+043
1.63385e+015,6.77843e+043,6.74464e+043
1.69523e+015,7.58239e+043,7.54468e+043
1.75892e+015,8.48186e+043,8.43972e+043
1.82499e+015,9.48778e+043,9.44077e+043
1.89355e+015,1.0613e+044,1.05605e+044
1.96469e+015,1.18716e+044,1.18131e+044
2.03849e+015,1.32797e+044,1.32143e+044
2.11507e+015,1.48544e+044,1.47815e+044
2.19453e+015,1.66159e+044,1.65345e+044
2.27697e+015,1.85861e+044,1.84953e+044
2.36251e+015,2.07904e+044,2.06889e+044
2.45126e+015,2.32555e+044,2.31423e+044
2.54335e+015,2.60129e+044,2.58865e+044
2.63889e+015,2.9097e+044,2.8956e+044
2.73803e+015,3.25475e+044,3.23899e+044
2.84088e+015,3.64061e+044,3.62304e+044
2.94761e+015,4.07222e+044,4.05261e+044
3.05834e+015,4.55498e+044,4.5331e+044
3.17323e+015,5.09507e+044,5.07062e+044
3.29244e+015,5.69905e+044,5.67177e+044
3.41612e+015,6.37461e+044,6.34417e+044
3.54446e+015,7.13023e+044,7.09627e+044
3.67761e+015,7.97557e+044,7.93762e+044
3.81576e+015,8.92091e+044,8.87857e+044
3.95911e+015,9.97827e+044,9.93103e+044
4.10784e+015,1.11612e+045,1.11084e+045
4.26216e+015,1.2484e+045,1.24251e+045
4.42227e+015,1.39635e+045,1.38978e+045
4.5884e+015,1.56184e+045,1.55451e+045
4.76078e+015,1.74697e+045,1.73878e+045
4.93962e+015,1.954e+045,1.94486e+045
5.12519e+015,2.18556e+045,2.17536e+045
5.31772e+015,2.44454e+045,2.43316e+045
5.51749e+015,2.73428e+045,2.72156e+045
5.72477e+015,3.05827e+045,3.04408e+045
5.93983e+015,3.42065e+045,3.40482e+045
6.16297e+015,3.82595e+045,3.80829e+045
6.39449e+015,4.27936e+045,4.25962e+045
6.63471e+015,4.78639e+045,4.76436e+045
6.88395e+015,5.35347e+045,5.3289e+045
7.14256e+015,5.98773e+045,5.96031e+045
7.41088e+015,6.69725e+045,6.66661e+045
7.68928e+015,7.49067e+045,7.45648e+045
7.97814e+015,8.37806e+045,8.33992e+045
8.27786e+015,9.37075e+045,9.32813e+045
8.58883e+015,1.04808e+046,1.04333e+046
8.91148e+015,1.17223e+046,1.16693e+046
9.24626e+015,1.31109e+046,1.30517e+046
9.59361e+015,1.46642e+046,1.45981e+046
9.95401e+015,1.64012e+046,1.63273e+046
1.03279e+016,1.83438e+046,1.82614e+046
1.07159e+016,2.05165e+046,2.04246e+046
1.11185e+016,2.29469e+046,2.28442e+046
1.15362e+016,2.56647e+046,2.55501e+046
1.19696e+016,2.87042e+046,2.85764e+046
1.24192e+016,3.21037e+046,3.1961e+046
1.28858e+016,3.59064e+046,3.5747e+046
1.33698e+016,4.01586e+046,3.99807e+046
1.38721e+016,4.49142e+046,4.47158e+046
1.43932e+016,5.02329e+046,5.00115e+046
1.49339e+016,5.61825e+046,5.5935e+046
1.5495e+016,6.28352e+046,6.25591e+046
1.6077e+016,7.02755e+046,6.99675e+046
1.6681e+016,7.85984e+046,7.82542e+046
1.73077e+016,8.79048e+046,8.75207e+046
1.79578e+016,9.83128e+046,9.78842e+046
1.86325e+016,1.09953e+047,1.09475e+047
1.93324e+016,1.22974e+047,1.22439e+047
2.00587e+016,1.37533e+047,1.36937e+047
2.08122e+016,1.53815e+047,1.5315e+047
2.15941e+016,1.72025e+047,1.71283e+047
2.24053e+016,1.92395e+047,1.91565e+047
2.3247e+016,2.15171e+047,2.14245e+047
2.41203e+016,2.40642e+047,2.3961e+047
2.50264e+016,2.69129e+047,2.67976e+047
2.59666e+016,3.00993e+047,2.99706e+047
2.6942e+016,3.36622e+047,3.35185e+047
2.79542e+016,3.76468e+047,3.74864e+047
2.90043e+016,4.21028e+047,4.1924e+047
3.00939e+016,4.70873e+047,4.68874e+047
3.12244e+016,5.26606e+047,5.24375e+047
3.23974e+016,5.88933e+047,5.86445e+047
3.36145e+016,6.58651e+047,6.5587e+047
3.48773e+016,7.36604e+047,7.33501e+047
3.61875e+016,8.23781e+047,8.20318e+047
3.75469e+016,9.21273e+047,9.17409e+047
3.89575e+016,1.03032e+048,1.02601e+048
4.0421e+016,1.15225e+048,1.14744e+048
4.19394e+016,1.28861e+048,1.28323e+048
4.3515e+016,1.4411e+048,1.4351e+048
4.51497e+016,1.61167e+048,1.60496e+048
4.68458e+016,1.80238e+048,1.7949e+048
4.86056e+016,2.01565e+048,2.00731e+048
5.04316e+016,2.25416e+048,2.24484e+048
5.23261e+016,2.52093e+048,2.51053e+048
5.42919e+016,2.81921e+048,2.8076e+048
5.63314e+016,3.15278e+048,3.13982e+048
5.84476e+016,3.5258e+048,3.51135e+048
6.06433e+016,3.94304e+048,3.92689e+048
6.29215e+016,4.40955e+048,4.39152e+048
6.52852e+016,4.93124e+048,4.91112e+048
6.77378e+016,5.51463e+048,5.49219e+048
7.02824e+016,6.16717e+048,6.14209e+048
7.29227e+016,6.89676e+048,6.86877e+048
7.56622e+016,7.71264e+048,7.6814e+048
7.85046e+016,8.62521e+048,8.59031e+048
8.14537e+016,9.64552e+048,9.60657e+048
8.45137e+016,1.07865e+049,1.0743e+049
8.76886e+016,1.20624e+049,1.20139e+049
9.09827e+016,1.34896e+049,1.34354e+049
9.44006e+016,1.50851e+049,1.50247e+049
9.7947e+016,1.68694e+049,1.6802e+049
1.01627e+017,1.88648e+049,1.87895e+049
1.05444e+017,2.10965e+049,2.10124e+049
1.09405e+017,2.35917e+049,2.34978e+049
1.13515e+017,2.63819e+049,2.62772e+049
1.1778e+017,2.95021e+049,2.93852e+049
1.22204e+017,3.2992e+049,3.28614e+049
1.26795e+017,3.68938e+049,3.6748e+049
1.31559e+017,4.1257e+049,4.10943e+049
1.36501e+017,4.6136e+049,4.59545e+049
1.41629e+017,5.15932e+049,5.13904e+049
1.46949e+017,5.76944e+049,5.74681e+049
1.5247e+017,6.45169e+049,6.42644e+049
1.58197e+017,7.21478e+049,7.18656e+049
1.6414e+017,8.06792e+049,8.03643e+049
1.70307e+017,9.02192e+049,8.98678e+049
1.76704e+017,1.00887e+050,1.00495e+050
1.83343e+017,1.12819e+050,1.12381e+050
1.9023e+017,1.26159e+050,1.2567e+050
1.97376e+017,1.41075e+050,1.4053e+050
2.04791e+017,1.57755e+050,1.57146e+050
2.12485e+017,1.76411e+050,1.75731e+050
2.20467e+017,1.97269e+050,1.96509e+050
2.28749e+017,2.20591e+050,2.19744e+050
2.37342e+017,2.46671e+050,2.45726e+050
2.46259e+017,2.7584e+050,2.74784e+050
2.5551e+017,3.0845e+050,3.07271e+050
2.65108e+017,3.44915e+050,3.436e+050
2.75068e+017,3.8569e+050,3.84222e+050
2.85401e+017,4.31295e+050,4.29655e+050
2.96123e+017,4.8228e+050,4.80449e+050
3.07247e+017,5.39291e+050,5.37248e+050
3.18789e+017,6.03054e+050,6.00771e+050
3.30765e+017,6.74339e+050,6.71791e+050
3.43191e+017,7.54049e+050,7.51206e+050
3.56083e+017,8.43179e+050,8.40007e+050
3.6946e+017,9.42866e+050,9.39321e+050
3.8334e+017,1.05431e+051,1.05035e+051
3.9774e+017,1.17893e+051,1.17451e+051
4.12682e+017,1.31827e+051,1.31334e+051
4.28185e+017,1.47411e+051,1.46861e+051
4.44271e+017,1.64834e+051,1.64219e+051
4.6096e+017,1.84315e+051,1.83629e+051
4.78277e+017,2.06098e+051,2.05333e+051
4.96244e+017,2.30461e+051,2.29607e+051
5.14887e+017,2.57698e+051,2.56744e+051
5.34229e+017,2.88152e+051,2.87088e+051
5.54299e+017,3.22205e+051,3.21017e+051
5.75122e+017,3.60291e+051,3.58963e+051
5.96727e+017,4.02867e+051,4.01386e+051
6.19144e+017,4.50475e+051,4.48821e+051
6.42403e+017,4.90012e+051,5.01862e+051
6.66536e+017,5.63242e+051,5.61181e+051
6.91576e+017,6.29798e+051,6.27497e+051
7.17556e+017,7.04217e+051,7.01649e+051
7.44512e+017,7.87447e+051,7.84578e+051
7.72481e+017,8.80491e+051,8.77289e+051
8.01501e+017,9.84527e+051,9.80954e+051
8.3161e+017,1.10085e+052,1.09687e+052
8.62851e+017,1.23095e+052,1.2265e+052
8.95266e+017,1.37639e+052,1.37142e+052
9.28898e+017,1.53901e+052,1.53346e+052
9.63793e+017,1.72084e+052,1.71465e+052
1e+018,1.9242e+052,1.91728e+052
