step,r,phi,dphi,dV,dr,truncation_error,friction
1,0.0001,9997.16,-56700.2,-2.26619e+009,0.0001,3.7035,-1.70101e+009
2,0.0002,9988.67,-113162,-2.26075e+009,0.000882686,3207.56,-1.69743e+009
3,0.00108269,9679.31,-573474,-2.05386e+009,0.000168784,0.642014,-1.58903e+009
4,0.00125147,9576.03,-649492,-1.9924e+009,0.000147439,0.22321,-1.55695e+009
5,0.00139891,9475.64,-711666,-1.93381e+009,0.000133147,129.65,-1.52619e+009
6,0.00153206,9377.41,-762993,-1.86442e+009,0.000122903,0.033601,-1.49406e+009
7,0.00165496,9280.9,-807118,-1.81052e+009,0.000114988,0.0184007,-1.46309e+009
8,0.00176995,9185.84,-845779,-1.75843e+009,0.000108608,0.0100652,-1.43357e+009
9,0.00187856,9092.11,-879873,-1.70801e+009,0.000103334,0.00547199,-1.40513e+009
10,0.00198189,8999.61,-910073,-1.65918e+009,9.88888e-005,83.209,-1.37758e+009
11,0.00208078,8908.31,-935924,-1.60045e+009,9.5182e-005,0.00103946,-1.34939e+009
12,0.00217596,8818.12,-958951,-1.55485e+009,9.19559e-005,0.00041469,-1.32211e+009
13,0.00226792,8728.98,-979533,-1.51062e+009,8.91137e-005,3.39736e-005,-1.29573e+009
14,0.00235703,8640.86,-997911,-1.46771e+009,8.65895e-005,0.000199312,-1.27013e+009
15,0.00244362,8553.73,-1.01429e+006,-1.42605e+009,8.4332e-005,64.6684,-1.24523e+009
16,0.00252795,8467.6,-1.02812e+006,-1.37567e+009,8.23604e-005,0.000381378,-1.2201e+009
17,0.00261031,8382.41,-1.04033e+006,-1.33667e+009,8.05746e-005,0.000391968,-1.19564e+009
18,0.00269089,8298.15,-1.05112e+006,-1.2988e+009,7.89455e-005,0.000386241,-1.17187e+009
19,0.00276983,8214.78,-1.0606e+006,-1.26202e+009,7.74538e-005,57.4048,-1.14874e+009
20,0.00284729,8132.31,-1.06881e+006,-1.21741e+009,7.60876e-005,0.000326011,-1.12613e+009
21,0.00292337,8050.73,-1.0753e+006,-1.18295e+009,7.48694e-005,0.000302768,-1.10349e+009
22,0.00299824,7970.02,-1.08082e+006,-1.14947e+009,7.37403e-005,0.000279067,-1.08146e+009
23,0.00307198,7890.14,-1.08543e+006,-1.11695e+009,7.26915e-005,0.000255689,-1.05999e+009
24,0.00314467,7811.1,-1.08918e+006,-1.08536e+009,7.17154e-005,46.3424,-1.03907e+009
25,0.00321639,7732.88,-1.09208e+006,-1.04692e+009,7.08085e-005,0.000194501,-1.01861e+009
26,0.0032872,7655.48,-1.09376e+006,-1.0173e+009,6.99923e-005,0.000176817,-9.98201e+008
27,0.00335719,7578.89,-1.09479e+006,-9.88531e+008,6.92271e-005,0.000160358,-9.78306e+008
28,0.00342642,7503.08,-1.0952e+006,-9.60578e+008,6.8509e-005,0.000145137,-9.589e+008
29,0.00349493,7428.06,-1.09503e+006,-9.33419e+008,6.78343e-005,38.2296,-9.39959e+008
30,0.00356276,7353.8,-1.09428e+006,-9.00271e+008,6.72023e-005,0.00010759,-9.2143e+008
31,0.00362996,7280.31,-1.09262e+006,-8.74802e+008,6.66318e-005,9.72892e-005,-9.03e+008
32,0.0036966,7207.58,-1.09051e+006,-8.50056e+008,6.60934e-005,8.78569e-005,-8.85014e+008
33,0.00376269,7135.58,-1.08799e+006,-8.26014e+008,6.55852e-005,7.92417e-005,-8.67455e+008
34,0.00382827,7064.32,-1.08506e+006,-8.02654e+008,6.51051e-005,32.0067,-8.50303e+008
35,0.00389338,6993.78,-1.08174e+006,-7.74058e+008,6.46533e-005,5.78198e-005,-8.33519e+008
36,0.00395803,6923.97,-1.07772e+006,-7.52149e+008,6.42464e-005,5.21303e-005,-8.16861e+008
37,0.00402228,6854.87,-1.0734e+006,-7.30862e+008,6.38612e-005,4.69428e-005,-8.00592e+008
38,0.00408614,6786.47,-1.06879e+006,-7.10179e+008,6.34965e-005,4.22211e-005,-7.84697e+008
39,0.00414964,6718.75,-1.06392e+006,-6.90083e+008,6.31512e-005,27.0867,-7.69163e+008
40,0.00421279,6651.73,-1.05876e+006,-6.6541e+008,6.28258e-005,3.01743e-005,-7.5396e+008
41,0.00427561,6585.39,-1.05307e+006,-6.46563e+008,6.25349e-005,2.70887e-005,-7.38893e+008
42,0.00433815,6519.72,-1.04719e+006,-6.2825e+008,6.22593e-005,2.4282e-005,-7.24171e+008
43,0.00440041,6454.71,-1.04111e+006,-6.10457e+008,6.19984e-005,2.17322e-005,-7.09781e+008
44,0.00446241,6390.35,-1.03485e+006,-5.93169e+008,6.17515e-005,23.1116,-6.95712e+008
45,0.00452416,6326.65,-1.0284e+006,-5.71879e+008,6.15193e-005,1.49974e-005,-6.81939e+008
46,0.00458568,6263.59,-1.02155e+006,-5.55666e+008,6.13146e-005,1.33545e-005,-6.68308e+008
47,0.00464699,6201.17,-1.01457e+006,-5.39913e+008,6.11213e-005,1.18648e-005,-6.54983e+008
48,0.00470811,6139.37,-1.00746e+006,-5.24607e+008,6.09389e-005,1.05163e-005,-6.41954e+008
49,0.00476905,6078.2,-1.00025e+006,-5.09735e+008,6.0767e-005,19.8477,-6.29211e+008
50,0.00482982,6017.64,-992906,-4.91365e+008,6.06063e-005,6.79578e-006,-6.16735e+008
51,0.00489043,5957.69,-985258,-4.7742e+008,6.04683e-005,5.95046e-006,-6.044e+008
52,0.00495089,5898.35,-977534,-4.6387e+008,6.03391e-005,5.18863e-006,-5.92338e+008
53,0.00501123,5839.6,-969741,-4.50705e+008,6.02182e-005,4.5034e-006,-5.8054e+008
54,0.00507145,5781.44,-961884,-4.37914e+008,6.01054e-005,17.1341,-5.68999e+008
55,0.00513156,5723.86,-953953,-4.22066e+008,6.00015e-005,2.5047e-006,-5.57698e+008
56,0.00519156,5666.87,-945790,-4.10073e+008,5.99168e-005,2.09858e-006,-5.46535e+008
57,0.00525147,5610.45,-937591,-3.98421e+008,5.98389e-005,1.73752e-006,-5.35616e+008
58,0.00531131,5554.59,-929362,-3.871e+008,5.97678e-005,1.41766e-006,-5.24933e+008
59,0.00537108,5499.29,-921107,-3.76101e+008,5.9703e-005,14.8556,-5.14481e+008
60,0.00543078,5444.54,-912816,-3.62428e+008,5.96455e-005,4.04989e-007,-5.04246e+008
61,0.00549043,5390.35,-904351,-3.52117e+008,5.96046e-005,2.38308e-007,-4.94142e+008
62,0.00555003,5336.7,-895881,-3.42098e+008,5.95693e-005,9.49631e-008,-4.84257e+008
63,0.0056096,5283.58,-887411,-3.32365e+008,5.95393e-005,1.99158e-007,-4.74585e+008
64,0.00566914,5231,-878943,-3.22909e+008,5.95147e-005,12.9271,-4.6512e+008
65,0.00572866,5178.94,-870468,-3.11116e+008,5.9496e-005,6.35116e-007,-4.55849e+008
66,0.00578815,5127.41,-861865,-3.02252e+008,5.9492e-005,6.69353e-007,-4.46705e+008
67,0.00584765,5076.39,-853281,-2.93641e+008,5.94926e-005,6.92302e-007,-4.37756e+008
68,0.00590714,5025.88,-844719,-2.85276e+008,5.94977e-005,7.05123e-007,-4.28999e+008
69,0.00596664,4975.88,-836181,-2.77148e+008,5.95072e-005,11.2841,-4.20428e+008
70,0.00602614,4926.37,-827658,-2.66977e+008,5.95218e-005,8.27603e-007,-4.12034e+008
71,0.00608566,4877.36,-819043,-2.5936e+008,5.95495e-005,7.99559e-007,-4.03757e+008
72,0.00614521,4828.85,-810465,-2.5196e+008,5.95812e-005,7.66716e-007,-3.95657e+008
73,0.0062048,4780.81,-801925,-2.44772e+008,5.96167e-005,7.29881e-007,-3.87728e+008
74,0.00626441,4733.26,-793426,-2.37789e+008,5.9656e-005,9.87659,-3.79968e+008
75,0.00632407,4686.18,-784958,-2.29018e+008,5.96997e-005,6.82558e-007,-3.72367e+008
76,0.00638377,4639.57,-776428,-2.22474e+008,5.97553e-005,6.27595e-007,-3.64876e+008
77,0.00644352,4593.43,-767948,-2.16118e+008,5.98143e-005,5.71303e-007,-3.57544e+008
78,0.00650334,4547.75,-759519,-2.09943e+008,5.98767e-005,5.14144e-007,-3.50367e+008
79,0.00656321,4502.52,-751141,-2.03944e+008,5.99424e-005,8.66512,-3.43341e+008
80,0.00662316,4457.74,-742808,-1.96383e+008,6.00121e-005,3.81427e-007,-3.36459e+008
81,0.00668317,4413.42,-734436,-1.90763e+008,6.00926e-005,3.18651e-007,-3.2968e+008
82,0.00674326,4369.53,-726124,-1.85304e+008,6.01762e-005,2.56509e-007,-3.23044e+008
83,0.00680344,4326.09,-717871,-1.80002e+008,6.02627e-005,1.95119e-007,-3.16548e+008
84,0.0068637,4283.07,-709679,-1.74851e+008,6.03523e-005,7.6182,-3.10188e+008
85,0.00692405,4240.49,-701540,-1.68332e+008,6.04454e-005,4.7864e-008,-3.03958e+008
86,0.0069845,4198.33,-693382,-1.63508e+008,6.05486e-005,1.05727e-007,-2.97823e+008
87,0.00704505,4156.59,-685289,-1.58822e+008,6.06546e-005,1.62117e-007,-2.91817e+008
88,0.0071057,4115.27,-677262,-1.5427e+008,6.07633e-005,2.17153e-007,-2.85938e+008
89,0.00716646,4074.36,-669302,-1.49848e+008,6.08747e-005,6.71035,-2.80181e+008
90,0.00722734,4033.86,-661402,-1.4423e+008,6.09895e-005,3.88658e-007,-2.74542e+008
91,0.00728833,3993.76,-653498,-1.4009e+008,6.11136e-005,4.39515e-007,-2.68991e+008
92,0.00734944,3954.06,-645663,-1.36068e+008,6.12403e-005,4.8866e-007,-2.63556e+008
93,0.00741068,3914.76,-637899,-1.32162e+008,6.13696e-005,5.36091e-007,-2.58235e+008
94,0.00747205,3875.85,-630206,-1.28368e+008,6.15013e-005,5.92067,-2.53025e+008
95,0.00753355,3837.33,-622577,-1.23527e+008,6.16362e-005,7.01238e-007,-2.47922e+008
96,0.00759519,3799.19,-614955,-1.19975e+008,6.17799e-005,7.4307e-007,-2.42899e+008
97,0.00765697,3761.43,-607406,-1.16525e+008,6.19261e-005,7.83184e-007,-2.37982e+008
98,0.0077189,3724.05,-599930,-1.13174e+008,6.20747e-005,8.21461e-007,-2.33167e+008
99,0.00778097,3687.04,-592527,-1.0992e+008,6.22256e-005,5.23195,-2.28452e+008
100,0.0078432,3650.39,-585191,-1.0575e+008,6.23795e-005,9.72268e-007,-2.23834e+008
101,0.00790558,3614.12,-577872,-1.02704e+008,6.25419e-005,1.00481e-006,-2.1929e+008
102,0.00796812,3578.21,-570627,-9.9745e+007,6.27066e-005,1.03551e-006,-2.14841e+008
103,0.00803082,3542.65,-563456,-9.68717e+007,6.28735e-005,1.06449e-006,-2.10485e+008
104,0.0080937,3507.45,-556359,-9.40811e+007,6.30428e-005,4.62985,-2.0622e+008
105,0.00815674,3472.59,-549332,-9.04897e+007,6.32149e-005,1.19765e-006,-2.02041e+008
106,0.00821996,3438.09,-542327,-8.78783e+007,6.33951e-005,1.22111e-006,-1.97931e+008
107,0.00828335,3403.93,-535398,-8.53423e+007,6.35776e-005,1.2432e-006,-1.93906e+008
108,0.00834693,3370.11,-528543,-8.28794e+007,6.37623e-005,1.26384e-006,-1.89965e+008
109,0.00841069,3336.62,-521761,-8.04877e+007,6.39492e-005,4.10234,-1.86107e+008
110,0.00847464,3303.47,-515050,-7.73951e+007,6.41389e-005,1.37814e-006,-1.82326e+008
111,0.00853878,3270.65,-508367,-7.51575e+007,6.43364e-005,1.39367e-006,-1.78609e+008
112,0.00860311,3238.16,-501759,-7.29845e+007,6.45362e-005,1.40781e-006,-1.74969e+008
113,0.00866765,3205.99,-495224,-7.08744e+007,6.47381e-005,1.42081e-006,-1.71404e+008
114,0.00873239,3174.14,-488763,-6.88253e+007,6.49423e-005,3.6393,-1.67914e+008
115,0.00879733,3142.6,-482371,-6.61629e+007,6.51492e-005,1.51714e-006,-1.64494e+008
116,0.00886248,3111.39,-476011,-6.42464e+007,6.53637e-005,1.5256e-006,-1.61133e+008
117,0.00892784,3080.48,-469726,-6.23853e+007,6.55804e-005,1.53307e-006,-1.57841e+008
118,0.00899342,3049.88,-463512,-6.05782e+007,6.57993e-005,1.53963e-006,-1.54617e+008
119,0.00905922,3019.58,-457371,-5.88234e+007,6.60205e-005,3.23214,-1.5146e+008
120,0.00912524,2989.59,-451297,-5.6532e+007,6.62443e-005,1.61913e-006,-1.48368e+008
121,0.00919149,2959.89,-445260,-5.48911e+007,6.64755e-005,1.62189e-006,-1.45328e+008
122,0.00925796,2930.49,-439294,-5.32979e+007,6.6709e-005,1.62367e-006,-1.42351e+008
123,0.00932467,2901.38,-433400,-5.1751e+007,6.69448e-005,1.62476e-006,-1.39436e+008
124,0.00939162,2872.57,-427575,-5.02489e+007,6.71827e-005,2.87355,-1.36582e+008
125,0.0094588,2844.03,-421817,-4.82772e+007,6.74234e-005,1.68934e-006,-1.33786e+008
126,0.00952622,2815.79,-416097,-4.68731e+007,6.76714e-005,1.6872e-006,-1.31037e+008
127,0.0095939,2787.82,-410447,-4.55099e+007,6.79216e-005,1.68444e-006,-1.28346e+008
128,0.00966182,2760.13,-404865,-4.41862e+007,6.81741e-005,1.68099e-006,-1.25711e+008
129,0.00972999,2732.72,-399351,-4.29011e+007,6.84289e-005,2.55728,-1.2313e+008
130,0.00979842,2705.58,-393903,-4.12049e+007,6.86865e-005,1.73248e-006,-1.20602e+008
131,0.00986711,2678.71,-388493,-4.0004e+007,6.89512e-005,1.7265e-006,-1.18118e+008
132,0.00993606,2652.11,-383151,-3.8838e+007,6.92183e-005,1.71994e-006,-1.15685e+008
133,0.0100053,2625.77,-377875,-3.77061e+007,6.94877e-005,1.71299e-006,-1.13303e+008
134,0.0100748,2599.69,-372665,-3.66071e+007,6.97595e-005,2.27796,-1.1097e+008
135,0.0101445,2573.88,-367518,-3.51483e+007,7.0034e-005,1.75301e-006,-1.08685e+008
136,0.0102146,2548.32,-362411,-3.41217e+007,7.03157e-005,1.74404e-006,-1.0644e+008
137,0.0102849,2523.01,-357368,-3.3125e+007,7.05998e-005,1.73461e-006,-1.04241e+008
138,0.0103555,2497.96,-352389,-3.21574e+007,7.08863e-005,1.72485e-006,-1.02088e+008
139,0.0104264,2473.15,-347474,-3.12181e+007,7.11752e-005,2.03098,-9.99794e+007
140,0.0104975,2448.59,-342619,-2.99638e+007,7.1467e-005,1.75518e-006,-9.79141e+007
141,0.010569,2424.28,-337804,-2.90866e+007,7.17659e-005,1.74381e-006,-9.58853e+007
142,0.0106408,2400.21,-333051,-2.8235e+007,7.20673e-005,1.73215e-006,-9.38986e+007
143,0.0107128,2376.38,-328359,-2.74084e+007,7.23713e-005,1.72026e-006,-9.1953e+007
144,0.0107852,2352.78,-323728,-2.6606e+007,7.26777e-005,1.81234,-9.00478e+007
145,0.0108579,2329.42,-319155,-2.55279e+007,7.29871e-005,1.74335e-006,-8.81815e+007
146,0.0109309,2306.29,-314622,-2.47787e+007,7.33036e-005,1.73054e-006,-8.63486e+007
147,0.0110042,2283.39,-310148,-2.40516e+007,7.36227e-005,1.71749e-006,-8.45537e+007
148,0.0110778,2260.72,-305732,-2.33458e+007,7.39445e-005,1.70437e-006,-8.2796e+007
149,0.0111517,2238.28,-301375,-2.26607e+007,7.42689e-005,1.61858,-8.10747e+007
150,0.011226,2216.05,-297073,-2.17342e+007,7.45963e-005,1.7208e-006,-7.93887e+007
151,0.0113006,2194.05,-292810,-2.10948e+007,7.49309e-005,1.70668e-006,-7.7733e+007
152,0.0113755,2172.27,-288604,-2.04743e+007,7.52683e-005,1.69243e-006,-7.61116e+007
153,0.0114508,2150.7,-284453,-1.9872e+007,7.56084e-005,1.67819e-006,-7.4524e+007
154,0.0115264,2129.35,-280358,-1.92874e+007,7.59512e-005,1.44671,-7.29692e+007
155,0.0116024,2108.21,-276315,-1.84914e+007,7.62973e-005,1.68884e-006,-7.14463e+007
156,0.0116787,2087.28,-272312,-1.79461e+007,7.66506e-005,1.67383e-006,-6.9951e+007
157,0.0117553,2066.56,-268361,-1.74168e+007,7.70067e-005,1.65881e-006,-6.84868e+007
158,0.0118323,2046.05,-264464,-1.69031e+007,7.73658e-005,1.64375e-006,-6.7053e+007
159,0.0119097,2025.74,-260619,-1.64046e+007,7.77278e-005,1.2941,-6.56489e+007
160,0.0119874,2005.63,-256825,-1.5721e+007,7.80931e-005,1.64967e-006,-6.42737e+007
161,0.0120655,1985.72,-253068,-1.52561e+007,7.84657e-005,1.63414e-006,-6.29236e+007
162,0.012144,1966.01,-249362,-1.48049e+007,7.88414e-005,1.6186e-006,-6.16015e+007
163,0.0122228,1946.49,-245707,-1.43671e+007,7.92201e-005,1.60312e-006,-6.03069e+007
164,0.012302,1927.17,-242101,-1.39423e+007,7.96019e-005,1.15849,-5.90392e+007
165,0.0123816,1908.04,-238543,-1.33553e+007,7.99873e-005,1.60521e-006,-5.77976e+007
166,0.0124616,1889.1,-235021,-1.29593e+007,8.038e-005,1.5894e-006,-5.65788e+007
167,0.012542,1870.35,-231548,-1.2575e+007,8.0776e-005,1.57367e-006,-5.53853e+007
168,0.0126228,1851.78,-228122,-1.22021e+007,8.11752e-005,1.558e-006,-5.42167e+007
169,0.012704,1833.4,-224743,-1.18402e+007,8.15778e-005,1.03787,-5.30724e+007
170,0.0127855,1815.21,-221410,-1.13365e+007,8.19839e-005,1.55693e-006,-5.19517e+007
171,0.0128675,1797.19,-218112,-1.09993e+007,8.23977e-005,1.54113e-006,-5.08517e+007
172,0.0129499,1779.35,-214859,-1.06722e+007,8.2815e-005,1.52542e-006,-4.97746e+007
173,0.0130327,1761.69,-211651,-1.03548e+007,8.32356e-005,1.50977e-006,-4.87199e+007
174,0.013116,1744.21,-208488,-1.00468e+007,8.36598e-005,1.49417e-006,-4.76873e+007
175,0.0131996,1726.9,-205369,-9.748e+006,8.40875e-005,0.917644,-4.66761e+007
176,0.0132837,1709.76,-202283,-9.3277e+006,8.45229e-005,1.49057e-006,-4.56838e+007
177,0.0133682,1692.79,-199240,-9.04943e+006,8.49624e-005,1.475e-006,-4.47119e+007
178,0.0134532,1675.99,-196239,-8.77946e+006,8.54055e-005,1.45956e-006,-4.37604e+007
179,0.0135386,1659.36,-193280,-8.51755e+006,8.58524e-005,1.44419e-006,-4.28287e+007
180,0.0136245,1642.89,-190363,-8.26346e+006,8.6303e-005,0.823532,-4.19164e+007
181,0.0137108,1626.58,-187477,-7.90294e+006,8.67616e-005,1.43879e-006,-4.10212e+007
182,0.0137975,1610.44,-184632,-7.66642e+006,8.72245e-005,1.42352e-006,-4.01446e+007
183,0.0138847,1594.46,-181827,-7.43698e+006,8.76913e-005,1.40837e-006,-3.92862e+007
184,0.0139724,1578.64,-179061,-7.2144e+006,8.81621e-005,1.39333e-006,-3.84459e+007
185,0.0140606,1562.97,-176334,-6.99848e+006,8.86369e-005,0.73961,-3.76231e+007
186,0.0141492,1547.46,-173638,-6.68935e+006,8.91199e-005,1.38657e-006,-3.68157e+007
187,0.0142384,1532.11,-170980,-6.48847e+006,8.96075e-005,1.37173e-006,-3.60252e+007
188,0.014328,1516.9,-168359,-6.29362e+006,9.00993e-005,1.357e-006,-3.52511e+007
189,0.0144181,1501.85,-165776,-6.10462e+006,9.05953e-005,1.34236e-006,-3.44933e+007
190,0.0145087,1486.95,-163229,-5.9213e+006,9.10957e-005,0.664727,-3.37514e+007
191,0.0145998,1472.19,-160712,-5.65632e+006,9.16045e-005,1.33462e-006,-3.30235e+007
192,0.0146914,1457.59,-158230,-5.48585e+006,9.21183e-005,1.32026e-006,-3.23108e+007
193,0.0147835,1443.12,-155783,-5.32052e+006,9.26365e-005,1.306e-006,-3.1613e+007
194,0.0148761,1428.8,-153372,-5.16018e+006,9.31593e-005,1.29191e-006,-3.09299e+007
195,0.0149693,1414.63,-150995,-5.00466e+006,9.36868e-005,0.597867,-3.02611e+007
196,0.015063,1400.59,-148646,-4.7776e+006,9.42231e-005,1.28341e-006,-2.9605e+007
197,0.0151572,1386.69,-146331,-4.63307e+006,9.47645e-005,1.2696e-006,-2.89626e+007
198,0.0152519,1372.94,-144048,-4.49292e+006,9.53109e-005,1.25591e-006,-2.83337e+007
199,0.0153473,1359.31,-141799,-4.357e+006,9.58621e-005,1.24237e-006,-2.77181e+007
200,0.0154431,1345.83,-139582,-4.22519e+006,9.64184e-005,0.538135,-2.71154e+007
201,0.0155395,1332.47,-137391,-4.0307e+006,9.69838e-005,1.23347e-006,-2.65242e+007
202,0.0156365,1319.26,-135232,-3.90828e+006,9.75548e-005,1.22022e-006,-2.59455e+007
203,0.0157341,1306.17,-133104,-3.78957e+006,9.81311e-005,1.2071e-006,-2.53789e+007
204,0.0158322,1293.21,-131007,-3.67447e+006,9.87126e-005,1.19415e-006,-2.48242e+007
205,0.0159309,1280.38,-128941,-3.56286e+006,9.92996e-005,0.48474,-2.42813e+007
206,0.0160302,1267.68,-126899,-3.39633e+006,9.98961e-005,1.18502e-006,-2.37488e+007
207,0.0161301,1255.1,-124887,-3.29274e+006,0.000100499,1.1724e-006,-2.32275e+007
208,0.0162306,1242.65,-122905,-3.1923e+006,0.000101107,1.1599e-006,-2.27172e+007
209,0.0163317,1230.32,-120951,-3.09493e+006,0.000101721,1.14754e-006,-2.22177e+007
210,0.0164334,1218.12,-119026,-3.00052e+006,0.000102341,0.436983,-2.17287e+007
211,0.0165358,1206.03,-117124,-2.85799e+006,0.00010297,1.13838e-006,-2.12492e+007
212,0.0166388,1194.07,-115250,-2.77042e+006,0.000103607,1.12638e-006,-2.07799e+007
213,0.0167424,1182.23,-113404,-2.68553e+006,0.000104249,1.1145e-006,-2.03204e+007
214,0.0168466,1170.5,-111585,-2.60324e+006,0.000104898,1.10276e-006,-1.98707e+007
215,0.0169515,1158.89,-109792,-2.52347e+006,0.000105553,0.394246,-1.94305e+007
216,0.0170571,1147.39,-108022,-2.40153e+006,0.000106218,1.09371e-006,-1.8999e+007
217,0.0171633,1136.01,-106278,-2.32759e+006,0.000106891,1.08234e-006,-1.85765e+007
218,0.0172702,1124.74,-104559,-2.25592e+006,0.00010757,1.07108e-006,-1.8163e+007
219,0.0173777,1113.59,-102866,-2.18646e+006,0.000108256,1.05998e-006,-1.77583e+007
220,0.017486,1102.54,-101198,-2.11913e+006,0.000108949,0.355981,-1.73622e+007
221,0.0175949,1091.61,-99551.4,-2.01485e+006,0.000109653,1.05115e-006,-1.69739e+007
222,0.0177046,1080.78,-97928.6,-1.95249e+006,0.000110364,1.0404e-006,-1.65938e+007
223,0.017815,1070.06,-96330,-1.89206e+006,0.000111083,1.02978e-006,-1.62218e+007
224,0.017926,1059.45,-94755.3,-1.8335e+006,0.000111809,1.01932e-006,-1.58577e+007
225,0.0180378,1048.94,-93204.1,-1.77675e+006,0.000112542,0.321703,-1.55014e+007
226,0.0181504,1038.54,-91672.5,-1.6876e+006,0.000113288,1.01079e-006,-1.51522e+007
227,0.0182637,1028.24,-90163.6,-1.63508e+006,0.000114041,1.00068e-006,-1.48103e+007
228,0.0183777,1018.04,-88677.3,-1.58419e+006,0.000114803,9.90715e-007,-1.44758e+007
229,0.0184925,1007.94,-87213.4,-1.53488e+006,0.000115572,9.8085e-007,-1.41484e+007
230,0.0186081,997.949,-85771.4,-1.48711e+006,0.00011635,0.290981,-1.38281e+007
231,0.0187244,988.052,-84348,-1.41094e+006,0.00011714,9.72737e-007,-1.35141e+007
232,0.0188416,978.254,-82945.7,-1.36676e+006,0.000117939,9.63236e-007,-1.32068e+007
233,0.0189595,968.554,-81564.6,-1.32397e+006,0.000118747,9.53881e-007,-1.29061e+007
234,0.0190783,958.949,-80204.3,-1.28251e+006,0.000119563,9.44641e-007,-1.26119e+007
235,0.0191978,949.44,-78864.6,-1.24235e+006,0.000120389,0.263435,-1.2324e+007
236,0.0193182,940.025,-77542.3,-1.17729e+006,0.000121227,9.3699e-007,-1.20418e+007
237,0.0194395,930.704,-76239.7,-1.1402e+006,0.000122076,9.2813e-007,-1.17657e+007
238,0.0195615,921.476,-74957,-1.10426e+006,0.000122934,9.19371e-007,-1.14956e+007
239,0.0196845,912.339,-73693.7,-1.06946e+006,0.000123801,9.10729e-007,-1.12313e+007
240,0.0198083,903.293,-72449.7,-1.03574e+006,0.000124679,0.238724,-1.09726e+007
241,0.0199329,894.337,-71221.9,-980214,0.00012557,9.03599e-007,-1.07192e+007
242,0.0200585,885.47,-70012.7,-949108,0.000126473,8.9535e-007,-1.04713e+007
243,0.020185,876.691,-68821.9,-918984,0.000127385,8.87189e-007,-1.02287e+007
244,0.0203124,867.999,-67649.3,-889812,0.000128309,8.79158e-007,-9.99134e+006
245,0.0204407,859.393,-66494.6,-861562,0.000129243,0.216548,-9.75916e+006
246,0.0205699,850.873,-65355.2,-814183,0.000130192,8.72602e-007,-9.53167e+006
247,0.0207001,842.438,-64233.2,-788146,0.000131153,8.64929e-007,-9.3091e+006
248,0.0208313,834.086,-63128.3,-762938,0.000132126,8.57372e-007,-9.09138e+006
249,0.0209634,825.817,-62040.4,-738531,0.00013311,8.49918e-007,-8.87839e+006
250,0.0210965,817.631,-60969.3,-714900,0.000134105,0.196638,-8.67005e+006
251,0.0212306,809.526,-59912.5,-674498,0.000135118,8.43988e-007,-8.46596e+006
252,0.0213657,801.501,-58871.8,-652746,0.000136143,8.36891e-007,-8.26629e+006
253,0.0215019,793.556,-57847.2,-631690,0.000137181,8.29911e-007,-8.07099e+006
254,0.0216391,785.69,-56838.4,-611309,0.000138232,8.23034e-007,-7.87997e+006
255,0.0217773,777.902,-55845.2,-591581,0.000139296,0.535565,-7.69314e+006
256,0.0219166,770.191,-54866.2,-557147,0.000140376,8.17723e-007,-7.51023e+006
257,0.022057,762.557,-53901.5,-539012,0.000141472,8.11204e-007,-7.33123e+006
258,0.0221984,754.999,-52951.8,-521462,0.000142582,8.04794e-007,-7.15615e+006
259,0.022341,747.516,-52016.8,-504479,0.000143707,7.98486e-007,-6.98494e+006
260,0.0224847,740.107,-51096.5,-488044,0.000144845,0.48745,-6.81749e+006
261,0.0226296,732.772,-50189.3,-458713,0.000146002,7.93877e-007,-6.65359e+006
262,0.0227756,725.51,-49295.5,-443628,0.000147176,7.87928e-007,-6.49321e+006
263,0.0229227,718.32,-48415.7,-429034,0.000148365,7.82081e-007,-6.33637e+006
264,0.0230711,711.201,-47549.6,-414915,0.00014957,7.76336e-007,-6.18301e+006
265,0.0232207,704.153,-46697.1,-401256,0.000150792,0.44421,-6.03304e+006
266,0.0233715,697.175,-45857,-376286,0.000152033,7.72459e-007,-5.88627e+006
267,0.0235235,690.267,-45029.3,-363770,0.000153293,7.67081e-007,-5.74268e+006
268,0.0236768,683.427,-44214.6,-351664,0.00015457,7.61783e-007,-5.60227e+006
269,0.0238314,676.655,-43412.8,-339956,0.000155865,7.5661e-007,-5.465e+006
270,0.0239872,669.95,-42623.6,-328633,0.000157178,0.405341,-5.33078e+006
271,0.0241444,663.312,-41845.9,-307390,0.000158513,7.53503e-007,-5.19945e+006
272,0.0243029,656.739,-41079.9,-297033,0.000159869,7.4869e-007,-5.07098e+006
273,0.0244628,650.233,-40325.9,-287019,0.000161244,7.43964e-007,-4.94538e+006
274,0.024624,643.79,-39584,-277338,0.000162639,7.39333e-007,-4.8226e+006
275,0.0247867,637.412,-38853.8,-267978,0.000164054,0.370396,-4.70258e+006
276,0.0249507,631.097,-38134.3,-249917,0.000165493,7.37071e-007,-4.58516e+006
277,0.0251162,624.845,-37425.7,-241374,0.000166956,7.32808e-007,-4.4703e+006
278,0.0252832,618.655,-36728.4,-233116,0.000168441,7.28655e-007,-4.35804e+006
279,0.0254516,612.526,-36042.2,-225136,0.000169947,7.24597e-007,-4.24832e+006
280,0.0256216,606.459,-35367,-217424,0.000171476,0.338973,-4.14108e+006
281,0.025793,600.451,-34701.8,-202080,0.000173032,7.23219e-007,-4.03618e+006
282,0.0259661,594.504,-34046.7,-195056,0.000174614,7.19536e-007,-3.93359e+006
283,0.0261407,588.615,-33402.1,-188271,0.000176221,7.1596e-007,-3.83334e+006
284,0.0263169,582.785,-32767.8,-181716,0.000177853,7.12476e-007,-3.73537e+006
285,0.0264948,577.013,-32143.8,-175384,0.00017951,0.310719,-3.63964e+006
286,0.0266743,571.298,-31529.1,-162357,0.000181197,7.12052e-007,-3.54601e+006
287,0.0268555,565.641,-30923.8,-156605,0.000182914,7.08962e-007,-3.45447e+006
288,0.0270384,560.039,-30328.3,-151051,0.000184659,7.05983e-007,-3.36502e+006
289,0.027223,554.493,-29742.4,-145689,0.000186432,7.03099e-007,-3.27763e+006
290,0.0274095,549.002,-29166,-140512,0.000188233,0.285317,-3.19226e+006
291,0.0275977,543.565,-28598.3,-129460,0.000190069,7.03717e-007,-3.10877e+006
292,0.0277878,538.183,-28039.4,-124770,0.000191938,7.01246e-007,-3.02717e+006
293,0.0279797,532.854,-27489.6,-120245,0.000193839,6.98879e-007,-2.94745e+006
294,0.0281736,527.578,-26948.7,-115878,0.000195771,6.9663e-007,-2.86958e+006
295,0.0283693,522.355,-26416.7,-111664,0.000197737,0.262484,-2.79351e+006
296,0.0285671,517.183,-25892.8,-102296,0.000199741,6.98387e-007,-2.71916e+006
297,0.0287668,512.063,-25377,-98491.9,0.000201783,6.96567e-007,-2.64649e+006
298,0.0289686,506.994,-24869.7,-94823.5,0.00020386,6.94864e-007,-2.57551e+006
299,0.0291724,501.975,-24370.7,-91285.8,0.000205975,6.9328e-007,-2.5062e+006
300,0.0293784,497.006,-23879.9,-87874.3,0.000208127,0.241971,-2.43852e+006
301,0.0295865,492.087,-23396.7,-79939.5,0.000210323,6.96312e-007,-2.37237e+006
302,0.0297969,487.216,-22921.1,-76872.1,0.000212562,6.95198e-007,-2.30773e+006
303,0.0300094,482.394,-22453.3,-73916.1,0.000214843,6.94214e-007,-2.24463e+006
304,0.0302243,477.62,-21993.3,-71067.5,0.000217166,6.93352e-007,-2.18301e+006
305,0.0304414,472.893,-21540.9,-68322.7,0.000219532,0.223557,-2.12286e+006
306,0.030661,468.213,-21095.6,-61608.2,0.000221949,6.97827e-007,-2.06408e+006
307,0.0308829,463.58,-20657.2,-59151.6,0.000224415,6.97485e-007,-2.00667e+006
308,0.0311073,458.992,-20226.2,-56786.3,0.000226929,6.97283e-007,-1.95063e+006
309,0.0313343,454.451,-19802.5,-54509,0.000229492,6.97225e-007,-1.89592e+006
310,0.0315638,449.954,-19385.8,-52316.6,0.000232105,0.206983,-1.84254e+006
311,0.0317959,445.503,-18975.8,-46640.2,0.000234775,7.03332e-007,-1.7904e+006
312,0.0320306,441.095,-18572.1,-44688.8,0.000237504,7.03854e-007,-1.73947e+006
313,0.0322681,436.731,-18175.3,-42811.9,0.000240288,7.0454e-007,-1.68978e+006
314,0.0325084,432.411,-17785.2,-41006.8,0.000243129,7.05378e-007,-1.64129e+006
315,0.0327516,428.134,-17401.7,-39271,0.000246029,0.192234,-1.59398e+006
316,0.0329976,423.899,-17024.4,-34476.8,0.000248995,7.13413e-007,-1.54779e+006
317,0.0332466,419.707,-16653.1,-32942.1,0.00025203,7.14924e-007,-1.50269e+006
318,0.0334986,415.556,-16288,-31467.8,0.000255129,7.1662e-007,-1.45869e+006
319,0.0337537,411.446,-15929.2,-30051.8,0.000258296,7.18506e-007,-1.41578e+006
320,0.034012,407.378,-15576.6,-28691.9,0.000261532,0.179063,-1.37392e+006
321,0.0342736,403.349,-15229.7,-24647.3,0.000264845,7.28822e-007,-1.33307e+006
322,0.0345384,399.361,-14888.3,-23454.9,0.000268239,7.31488e-007,-1.29319e+006
323,0.0348067,395.413,-14552.8,-22311.3,0.00027171,7.34376e-007,-1.25431e+006
324,0.0350784,391.504,-14223.1,-21214.8,0.00027526,7.3749e-007,-1.2164e+006
325,0.0353536,387.634,-13899.1,-20163.5,0.000278892,0.167338,-1.17943e+006
326,0.0356325,383.802,-13580.4,-16755,0.000282615,7.50563e-007,-1.14337e+006
327,0.0359151,380.008,-13266.9,-15842.8,0.000286434,7.54611e-007,-1.10818e+006
328,0.0362016,376.253,-12958.8,-14969.8,0.000290345,7.58929e-007,-1.07389e+006
329,0.0364919,372.534,-12656.1,-14134.4,0.000294352,7.63524e-007,-1.04046e+006
330,0.0367863,368.853,-12358.7,-13335.3,0.000298456,0.156951,-1.00788e+006
331,0.0370847,365.208,-12066.3,-10466.4,0.000302669,7.79997e-007,-976112
332,0.0373874,361.6,-11778.6,-9782.55,0.000306997,7.85738e-007,-945128
333,0.0376944,358.028,-11496,-9129.84,0.000311436,7.91817e-007,-914940
334,0.0380058,354.491,-11218.4,-8507.07,0.000315989,7.98244e-007,-885531
335,0.0383218,350.989,-10945.8,-7913.03,0.000320662,0.147808,-856884
336,0.0386425,347.523,-10677.7,-5501.46,0.000325465,8.18988e-007,-828962
337,0.0389679,344.09,-10414.1,-5002.67,0.000330409,8.26855e-007,-801743
338,0.0392983,340.693,-10155.2,-4528.45,0.000335487,8.35152e-007,-775236
339,0.0396338,337.328,-9900.88,-4077.79,0.000340705,8.43907e-007,-749427
340,0.0399745,333.998,-9651.18,-3649.71,0.00034607,0.139839,-724299
341,0.0403206,330.701,-9405.74,-1625.32,0.000351595,8.7014e-007,-699821
342,0.0406722,327.436,-9164.42,-1275.68,0.000357291,8.80748e-007,-675972
343,0.0410295,324.205,-8927.47,-945.174,0.000363154,8.91928e-007,-652760
344,0.0413926,321.005,-8694.84,-632.987,0.00036919,9.03711e-007,-630173
345,0.0417618,317.837,-8466.45,-338.323,0.000375408,0.0443897,-608195
346,0.0421372,314.701,-8242.2,1358.54,0.000381817,9.37101e-007,-586811
347,0.0425191,311.597,-8021.59,1588.84,0.000388447,9.51337e-007,-565976
348,0.0429075,308.523,-7805.04,1804.44,0.000395287,9.66353e-007,-545712
349,0.0433028,305.48,-7592.5,2006.03,0.000402344,9.82199e-007,-526006
350,0.0437051,302.467,-7383.91,2194.23,0.000409631,0.0424857,-506845
351,0.0441148,299.485,-7179.15,3614.3,0.000417159,1.02537e-006,-488214
352,0.0445319,296.532,-6977.77,3749.9,0.000424967,1.04456e-006,-470074
353,0.0449569,293.609,-6780.16,3874.44,0.000433042,1.06486e-006,-452444
354,0.0453899,290.715,-6586.26,3988.45,0.000441397,1.08633e-006,-435312
355,0.0458313,287.851,-6396.04,4092.46,0.000450045,0.0409497,-418668
356,0.0462814,285.014,-6209.38,5278.86,0.000459006,1.14315e-006,-402498
357,0.0467404,282.207,-6025.84,5340.08,0.000468328,1.16937e-006,-386764
358,0.0472087,279.427,-5845.8,5393.19,0.000477996,1.19718e-006,-371486
359,0.0476867,276.675,-5669.21,5438.61,0.000488031,1.22673e-006,-356654
360,0.0481747,273.951,-5496.04,5476.76,0.000498452,0.0397963,-342256
361,0.0486732,271.254,-5326.17,6466.13,0.000509285,1.30334e-006,-328282
362,0.0491825,268.584,-5159.18,6469.66,0.000520595,1.33988e-006,-314696
363,0.0497031,265.941,-4995.44,6467.47,0.000532368,1.37886e-006,-301517
364,0.0502354,263.325,-4834.91,6459.88,0.000544632,1.42049e-006,-288735
365,0.0507801,260.735,-4677.55,6447.21,0.000557418,0.0390583,-276342
366,0.0513375,258.171,-4523.26,7270.64,0.000570763,1.52705e-006,-264325
367,0.0519083,255.633,-4371.62,7230.16,0.000584755,1.57951e-006,-252655
368,0.052493,253.12,-4223,7185.85,0.000599385,1.63587e-006,-241346
369,0.0530924,250.633,-4077.36,7137.98,0.000614694,1.69653e-006,-230392
370,0.0537071,248.171,-3934.66,7086.79,0.00063073,0.369637,-219784
371,0.0543378,245.734,-3795.22,0,0.000647481,1.69417e-006,-209535
372,0.0549853,243.319,-3662.72,0,0.000664313,1.75167e-006,-199838
373,0.0556496,240.93,-3533.11,0,0.000681919,1.8132e-006,-190466
374,0.0563315,238.564,-3406.35,0,0.000700351,1.87914e-006,-181409
375,0.0570319,236.222,-3282.39,0,0.000719664,1.94988e-006,-172661
376,0.0577515,233.904,-3161.21,0,0.000739919,2.0259e-006,-164214
377,0.0584915,231.609,-3042.75,0,0.000761183,2.10769e-006,-156061
378,0.0592526,229.337,-2926.99,0,0.000783527,2.19584e-006,-148195
379,0.0600362,227.089,-2813.87,0,0.000807032,2.291e-006,-140609
380,0.0608432,224.863,-2703.38,0,0.000831783,2.39389e-006,-133296
381,0.061675,222.659,-2595.47,0,0.000857876,2.50536e-006,-126249
382,0.0625329,220.478,-2490.11,0,0.000885416,2.62633e-006,-119463
383,0.0634183,218.32,-2387.26,0,0.000914518,2.75789e-006,-112929
384,0.0643328,216.183,-2286.9,0,0.000945311,2.90125e-006,-106644
385,0.0652781,214.068,-2188.98,0,0.000977935,3.05781e-006,-100599
386,0.066256,211.974,-2093.47,0,0.00101255,3.2292e-006,-94790.1
387,0.0672686,209.902,-2000.35,0,0.00104932,3.41726e-006,-89210.4
388,0.0683179,207.851,-1909.59,0,0.00108846,3.62415e-006,-83854.5
389,0.0694064,205.821,-1821.15,0,0.00113017,3.85236e-006,-78716.8
390,0.0705365,203.812,-1735.01,0,0.00117471,4.10482e-006,-73791.8
391,0.0717113,201.824,-1651.13,0,0.00122234,4.38493e-006,-69074.2
392,0.0729336,199.856,-1569.5,0,0.00127338,4.69673e-006,-64558.7
393,0.074207,197.909,-1490.08,0,0.00132817,5.04497e-006,-60240.2
394,0.0755351,195.982,-1412.85,0,0.00138713,5.43529e-006,-56113.7
395,0.0769223,194.074,-1337.79,0,0.00145071,5.87445e-006,-52174.3
396,0.078373,192.187,-1264.87,0,0.00151943,6.37057e-006,-48417.2
397,0.0798924,190.32,-1194.06,0,0.00159388,6.93345e-006,-44837.7
398,0.0814863,188.472,-1125.36,0,0.00167478,7.57501e-006,-41431.1
399,0.0831611,186.644,-1058.73,0,0.00176291,8.30985e-006,-38193.1
400,0.084924,184.835,-994.152,0,0.00185923,9.15596e-006,-35119.1
401,0.0867832,183.046,-931.615,0,0.00196482,1.01357e-005,-32204.9
402,0.088748,181.276,-871.099,0,0.002081,1.12771e-005,-29446.3
403,0.090829,179.525,-812.587,0,0.0022093,1.26155e-005,-26839
404,0.0930383,177.793,-756.063,0,0.00235156,1.41962e-005,-24379.1
405,0.0953899,176.08,-701.515,0,0.00251,1.60772e-005,-22062.5
406,0.0978999,174.387,-648.929,0,0.0026873,1.83344e-005,-19885.5
407,0.100587,172.712,-598.296,0,0.00288673,2.10677e-005,-17844.1
408,0.103474,171.056,-549.605,0,0.00311235,2.44106e-005,-15934.6
409,0.106586,169.42,-502.852,0,0.00336919,2.85441e-005,-14153.4
410,0.109955,167.803,-458.029,0,0.00366358,3.37171e-005,-12496.8
411,0.113619,166.205,-415.136,0,0.00400363,4.0278e-005,-10961.3
412,0.117623,164.627,-374.171,0,0.00439978,4.87243e-005,-9543.35
413,0.122022,163.069,-335.139,0,0.00486571,5.97807e-005,-8239.6
414,0.126888,161.531,-298.044,0,0.00541969,7.45291e-005,-7046.62
415,0.132308,160.013,-262.898,0,0.00608652,9.46278e-005,-5961.05
416,0.138394,158.517,-229.715,0,0.00690061,0.000122697,-4979.56
417,0.145295,157.043,-198.514,0,0.00791092,0.000163024,-4098.86
418,0.153206,155.592,-169.324,0,0.00918905,0.00022291,-3315.61
419,0.162395,154.166,-142.176,0,0.0108433,0.000315381,-2626.49
420,0.173238,152.766,-117.115,0,0.0130441,0.00046501,-2028.1
421,0.186282,151.395,-94.1952,0,0.0160725,0.000721316,-1516.98
422,0.202355,150.057,-73.4858,0,0.0204198,0.00119249,-1089.46
423,0.222775,148.756,-55.0741,0,0.0270102,0.00213984,-741.657
424,0.249785,147.501,-39.0704,0,0.0377526,0.0042804,-469.249
425,0.287537,146.304,-25.6134,0,0.0571202,0.00993828,-267.235
426,0.344658,145.185,-14.873,0,0.097616,0.0285402,-129.459
427,0.442274,144.178,-7.03986,0,0.204803,0.112196,-47.7523
428,0.647076,143.35,-2.25178,0,0.636607,0.700942,-10.4398
429,1.28368,142.818,-0.305972,0,1.12837,0.0875306,-0.715065
430,2.41205,142.679,-0.047769,0,1.24121,0.00246148,-0.0594129
431,3.65326,142.647,-0.0137882,0,1.36533,0.000244585,-0.0113227
432,5.01858,142.635,-0.00532207,0,1.50186,4.51026e-005,-0.00318142
433,6.52044,142.629,-0.0024271,0,1.65204,1.19761e-005,-0.00111669
434,8.17249,142.627,-0.00123282,0,1.81725,4.04105e-006,-0.000452551
435,9.98973,142.625,-0.000675031,0,1.99897,1.61438e-006,-0.000202718
436,11.9887,142.624,-0.000390555,0,2.19887,7.30731e-007,-9.77308e-005
437,14.1876,142.623,-0.000235659,0,2.41876,3.63985e-007,-4.98307e-005
438,16.6063,142.623,-0.000146958,0,2.66063,1.95503e-007,-2.65486e-005
439,19.267,142.622,-9.40979e-005,0,2.9267,1.11575e-007,-1.46517e-005
440,22.1937,142.622,-6.15654e-005,0,3.21937,6.69189e-008,-8.32202e-006
441,25.413,142.622,-4.10069e-005,0,3.5413,4.18246e-008,-4.84085e-006
442,28.9543,142.622,-2.77261e-005,0,3.89543,2.70614e-008,-2.87274e-006
443,32.8498,142.622,-1.8986e-005,0,4.28498,1.80311e-008,-1.7339e-006
444,37.1347,142.622,-1.31429e-005,0,4.71347,1.23197e-008,-1.06177e-006
445,41.8482,142.622,-9.1834e-006,0,5.18482,8.60144e-009,-6.58336e-007
446,47.033,142.622,-6.46884e-006,0,5.7033,6.11907e-009,-4.12615e-007
447,52.7363,142.622,-4.58888e-006,0,6.27363,4.42476e-009,-2.61047e-007
448,59.01,142.622,-3.27538e-006,0,6.901,3.24565e-009,-1.66517e-007
449,65.911,142.622,-2.35053e-006,0,7.5911,2.4109e-009,-1.06987e-007
450,73.5021,142.622,-1.69489e-006,0,8.35021,1.81076e-009,-6.91772e-008
451,81.8523,142.622,-1.22729e-006,0,9.18523,1.37342e-009,-4.4982e-008
452,91.0375,142.622,-8.92032e-007,0,10.1038,1.0508e-009,-2.93955e-008
453,101.141,142.622,-6.50515e-007,0,11.1141,8.10189e-010,-1.92952e-008
454,112.255,142.622,-4.75797e-007,0,12.2255,6.29028e-010,-1.27156e-008
455,124.481,142.622,-3.48928e-007,0,13.4481,4.91386e-010,-8.40919e-009
456,137.929,142.622,-2.56494e-007,0,14.7929,3.85954e-010,-5.57883e-009
457,152.722,142.622,-1.88948e-007,0,16.2722,3.04663e-010,-3.7116e-009
458,168.994,142.622,-1.39454e-007,0,17.8994,2.41584e-010,-2.4756e-009
459,186.894,142.622,-1.03101e-007,0,19.6894,1.92298e-010,-1.65497e-009
460,206.583,142.622,-7.63422e-008,0,21.6583,1.53618e-010,-1.10864e-009
461,228.241,142.622,-5.66065e-008,0,23.8241,1.23126e-010,-7.44035e-010
462,252.065,142.622,-4.20252e-008,0,26.2065,9.89601e-011,-5.0017e-010
463,278.272,142.622,-3.1235e-008,0,28.8272,7.97558e-011,-3.36739e-010
464,307.099,142.622,-2.32388e-008,0,31.7099,6.44407e-011,-2.27016e-010
465,338.809,142.622,-1.73056e-008,0,34.8809,5.21473e-011,-1.53233e-010
466,373.69,142.622,-1.28978e-008,0,38.369,4.23253e-011,-1.03545e-010
467,412.059,142.622,-9.61998e-009,0,42.2059,3.43704e-011,-7.00384e-011
468,454.265,142.622,-7.18001e-009,0,46.4265,2.79646e-011,-4.74174e-011
469,500.691,142.622,-5.3622e-009,0,51.0691,2.27629e-011,-3.21288e-011
470,551.76,142.622,-4.00684e-009,0,56.176,1.8592e-011,-2.17858e-011
471,607.936,142.622,-2.99557e-009,0,61.7936,1.5194e-011,-1.47823e-011
472,669.73,142.622,-2.24055e-009,0,67.973,1.24255e-011,-1.00364e-011
473,737.703,142.622,-1.67653e-009,0,74.7703,1.01715e-011,-6.81789e-012
474,812.473,142.622,-1.25495e-009,0,82.2473,8.34616e-012,-4.63383e-012
475,894.72,142.622,-9.39709e-010,0,90.472,6.83506e-012,-3.15085e-012
476,985.193,142.622,-7.03871e-010,0,99.5193,5.6094e-012,-2.14335e-012
477,1084.71,142.622,-5.27368e-010,0,109.471,4.61202e-012,-1.45855e-012
478,1194.18,142.622,-3.95225e-010,0,120.418,3.78584e-012,-9.92876e-013
479,1314.6,142.622,-2.96262e-010,0,132.46,3.13068e-012,-6.76087e-013
480,1447.06,142.622,-2.22125e-010,0,145.706,2.53274e-012,-4.60502e-013
481,1592.77,142.622,-1.66572e-010,0,160.277,2.10561e-012,-3.1374e-013
482,1753.04,142.622,-1.24934e-010,0,176.304,1.73552e-012,-2.13801e-013
483,1929.35,142.622,-9.3719e-011,0,193.935,1.42243e-012,-1.45726e-013
484,2123.28,142.622,-7.03131e-011,0,213.328,1.19472e-012,-9.93458e-014
485,2336.61,142.622,-5.27595e-011,0,234.661,9.67091e-013,-6.77385e-014
486,2571.27,142.622,-3.95928e-011,0,258.127,7.96372e-013,-4.61944e-014
487,2829.4,142.622,-2.97152e-011,0,283.94,6.54122e-013,-3.15069e-014
488,3113.34,142.622,-2.2304e-011,0,312.334,5.40329e-013,-2.1492e-014
489,3425.67,142.622,-1.67427e-011,0,343.567,4.54985e-013,-1.46622e-014
490,3769.24,142.622,-1.2569e-011,0,377.924,3.6966e-013,-1.00039e-014
491,4147.17,142.622,-9.43646e-012,0,415.717,3.12772e-013,-6.8262e-015
492,4562.88,142.622,-7.0851e-012,0,457.288,2.27474e-013,-4.65831e-015
493,5020.17,142.622,-5.31997e-012,0,503.017,2.27449e-013,-3.17916e-015
494,5523.19,142.622,-3.9948e-012,0,553.319,1.70587e-013,-2.16984e-015
495,6076.51,142.622,-2.99988e-012,0,608.651,1.42151e-013,-1.48105e-015
496,6685.16,142.622,-2.25284e-012,0,669.516,1.4214e-013,-1.01098e-015
497,7354.67,142.622,-1.69191e-012,0,736.467,8.52889e-014,-6.90135e-016
498,8091.14,142.622,-1.27068e-012,0,810.114,8.5283e-014,-4.71139e-016
499,8901.25,142.622,-9.54363e-013,0,891.125,8.52786e-014,-3.2165e-016
500,9792.38,142.622,-7.16808e-013,0,980.238,5.68535e-014,-2.19602e-016
501,10772.6,142.622,-5.38399e-013,0,1078.26,2.84293e-014,-1.49936e-016
502,11850.9,142.622,-4.04406e-013,0,1186.09,5.68491e-014,-1.02374e-016
503,13037,142.622,-3.03766e-013,0,1304.7,2.8426e-014,-6.99011e-017
504,14341.7,142.622,-2.28177e-013,0,1435.17,5.68466e-014,-4.77302e-017
505,15776.8,142.622,-1.714e-013,0,1578.68,2.40502e-018,-3.25921e-017
506,17355.5,142.622,-1.28753e-013,0,1736.55,2.84235e-014,-2.22557e-017
507,19092.1,142.622,-9.67192e-014,0,1910.21,2.84231e-014,-1.51978e-017
508,21002.3,142.622,-7.26562e-014,0,2101.23,2.84227e-014,-1.03783e-017
509,23103.5,142.622,-5.45807e-014,0,2311.35,7.65129e-019,-7.08733e-018
510,25414.8,142.622,-4.10025e-014,0,2542.48,2.84223e-014,-4.83998e-018
511,27957.3,142.622,-3.08025e-014,0,2796.73,4.31646e-019,-3.3053e-018
512,30754.1,142.622,-2.31401e-014,0,3076.41,3.24221e-019,-2.25728e-018
513,33830.5,142.622,-1.7384e-014,0,3384.05,2.43537e-019,-1.54157e-018
514,37214.5,142.622,-1.30598e-014,0,3722.45,1.82935e-019,-1.0528e-018
515,40937,142.622,-9.81133e-015,0,4094.7,1.37416e-019,-7.19008e-019
516,45031.7,142.622,-7.37092e-015,0,4504.17,1.03225e-019,-4.91049e-019
517,49535.8,142.622,-5.53755e-015,0,4954.58,7.75426e-020,-3.35366e-019
518,54490.4,142.622,-4.16022e-015,0,5450.04,5.82507e-020,-2.29043e-019
519,59940.5,142.622,-3.12548e-015,0,5995.05,4.3759e-020,-1.56429e-019
520,65935.5,142.622,-2.34812e-015,0,6594.55,3.2873e-020,-1.06837e-019
521,72530.1,142.622,-1.7641e-015,0,7254.01,2.84217e-014,-7.29671e-020
522,79784.1,142.622,-1.32535e-015,0,7979.41,1.85522e-020,-4.98351e-020
523,87763.5,142.622,-9.95721e-016,0,8777.35,1.39373e-020,-3.40365e-020
524,96540.8,142.622,-7.48077e-016,0,9655.08,2.84217e-014,-2.32465e-020
525,106196,142.622,-5.62026e-016,0,10620.6,2.84217e-014,-1.58771e-020
526,116816,142.622,-4.22248e-016,0,11682.6,5.90952e-021,-1.08439e-020
527,128499,142.622,-3.17234e-016,0,12850.9,2.84217e-014,-7.4063e-021
528,141350,142.622,-2.38338e-016,0,14136,3.3354e-021,-5.05846e-021
529,155486,142.622,-1.79064e-016,0,15549.6,2.50581e-021,-3.45491e-021
530,171036,142.622,-1.34531e-016,0,17104.6,2.84217e-014,-2.3597e-021
531,188140,142.622,-1.01074e-016,0,18815,1.41435e-021,-1.61167e-021
532,206955,142.622,-7.59371e-017,0,20696.5,1.06258e-021,-1.10078e-021
533,227652,142.622,-5.7052e-017,0,22766.2,2.84217e-014,-7.51832e-022
534,250418,142.622,-4.28635e-017,0,25042.8,5.99762e-022,-5.13504e-022
535,275461,142.622,-3.22037e-017,0,27547.1,2.84217e-014,-3.50725e-022
536,303008,142.622,-2.41949e-017,0,30301.8,3.38533e-022,-2.39547e-022
537,333310,142.622,-1.81778e-017,0,33332,2.84217e-014,-1.63612e-022
538,366642,142.622,-1.36572e-017,0,36665.2,1.91085e-022,-1.11748e-022
539,403307,142.622,-1.02608e-017,0,40331.7,1.43562e-022,-7.63249e-023
540,443638,142.622,-7.70903e-018,0,44364.8,2.84217e-014,-5.21305e-023
541,488003,142.622,-5.79188e-018,0,48801.3,8.10346e-023,-3.56056e-023
542,536805,142.622,-4.3515e-018,0,53681.5,6.08817e-023,-2.43189e-023
543,590486,142.622,-3.26934e-018,0,59049.6,4.57408e-023,-1.66101e-023
544,649536,142.622,-2.45629e-018,0,64954.6,3.43654e-023,-1.13448e-023
545,714490,142.622,-1.84544e-018,0,71450,2.58189e-023,-7.74864e-024
546,785940,142.622,-1.38651e-018,0,78595,2.84217e-014,-5.29241e-024
547,864535,142.622,-1.0417e-018,0,86454.5,2.84217e-014,-3.61477e-024
548,950990,142.622,-7.82643e-019,0,95100,1.09495e-023,-2.46893e-024
549,1.04609e+006,142.622,-5.8801e-019,0,104610,8.22647e-024,-1.68631e-024
550,1.1507e+006,142.622,-4.4178e-019,0,115071,6.18063e-024,-1.15177e-024
551,1.26577e+006,142.622,-3.31915e-019,0,126578,2.84217e-014,-7.86672e-025
552,1.39235e+006,142.622,-2.49373e-019,0,139236,3.48877e-024,-5.37306e-025
553,1.53158e+006,142.622,-1.87357e-019,0,153159,2.84217e-014,-3.66987e-025
554,1.68474e+006,142.622,-1.40764e-019,0,168475,2.84217e-014,-2.50657e-025
555,1.85322e+006,142.622,-1.05758e-019,0,185323,2.84217e-014,-1.71202e-025
556,2.03854e+006,142.622,-7.94576e-020,0,203855,1.11162e-024,-1.16933e-025
557,2.2424e+006,142.622,-5.96977e-020,0,224241,8.35172e-025,-7.98667e-026
558,2.46664e+006,142.622,-4.48517e-020,0,246665,6.27475e-025,-5.455e-026
559,2.7133e+006,142.622,-3.36978e-020,0,271331,4.71431e-025,-3.72584e-026
560,2.98463e+006,142.622,-2.53176e-020,0,298464,3.54192e-025,-2.5448e-026
561,3.2831e+006,142.622,-1.90215e-020,0,328311,2.6611e-025,-1.73813e-026
562,3.61141e+006,142.622,-1.42912e-020,0,361142,1.99932e-025,-1.18717e-026
563,3.97255e+006,142.622,-1.07372e-020,0,397256,1.50212e-025,-8.10851e-027
564,4.36981e+006,142.622,-8.06699e-021,0,436982,1.12856e-025,-5.53822e-027
565,4.80679e+006,142.622,-6.06085e-021,0,480680,8.47905e-026,-3.78268e-027
566,5.28747e+006,142.622,-4.55361e-021,0,528748,6.37043e-026,-2.58362e-027
567,5.81622e+006,142.622,-3.4212e-021,0,581623,4.7862e-026,-1.76465e-027
568,6.39784e+006,142.622,-2.5704e-021,0,639785,3.59594e-026,-1.20528e-027
569,7.03763e+006,142.622,-1.93118e-021,0,703764,2.70168e-026,-8.23223e-028
570,7.74139e+006,142.622,-1.45092e-021,0,774140,2.02982e-026,-5.62273e-028
571,8.51553e+006,142.622,-1.0901e-021,0,851554,1.52503e-026,-3.8404e-028
572,9.36708e+006,142.622,-8.1901e-022,0,936709,1.14578e-026,-2.62305e-028
573,1.03038e+007,142.622,-6.15335e-022,0,1.03038e+006,8.60841e-027,-1.79158e-028
574,1.13342e+007,142.622,-4.62311e-022,0,1.13342e+006,6.46763e-027,-1.22367e-028
575,1.24676e+007,142.622,-3.47341e-022,0,1.24676e+006,4.85923e-027,-8.35786e-029
576,1.37144e+007,142.622,-2.60963e-022,0,1.37144e+006,3.65081e-027,-5.70853e-029
577,1.50858e+007,142.622,-1.96065e-022,0,1.50858e+006,2.74291e-027,-3.89901e-029
578,1.65944e+007,142.622,-1.47307e-022,0,1.65944e+006,2.06079e-027,-2.66308e-029
579,1.82538e+007,142.622,-1.10674e-022,0,1.82538e+006,1.5483e-027,-1.81892e-029
580,2.00792e+007,142.622,-8.31511e-023,0,2.00792e+006,1.16326e-027,-1.24235e-029
581,2.20871e+007,142.622,-6.24727e-023,0,2.20871e+006,8.73978e-028,-8.48541e-030
582,2.42958e+007,142.622,-4.69367e-023,0,2.42958e+006,6.56633e-028,-5.79565e-030
583,2.67254e+007,142.622,-3.52643e-023,0,2.67254e+006,4.93339e-028,-3.95851e-030
584,2.93979e+007,142.622,-2.64946e-023,0,2.9398e+006,3.70653e-028,-2.70372e-030
585,3.23377e+007,142.622,-1.99058e-023,0,3.23377e+006,2.78477e-028,-1.84668e-030
586,3.55715e+007,142.622,-1.49555e-023,0,3.55715e+006,2.09224e-028,-1.26131e-030
587,3.91287e+007,142.622,-1.12363e-023,0,3.91287e+006,1.57193e-028,-8.61491e-031
588,4.30415e+007,142.622,-8.44203e-024,0,4.30415e+006,1.18102e-028,-5.88411e-031
589,4.73457e+007,142.622,-6.34263e-024,0,4.73457e+006,8.87318e-029,-4.01893e-031
590,5.20803e+007,142.622,-4.76532e-024,0,5.20803e+006,6.66655e-029,-2.74499e-031
591,5.72883e+007,142.622,-3.58026e-024,0,5.72883e+006,5.00869e-029,-1.87486e-031
592,6.30171e+007,142.622,-2.6899e-024,0,6.30171e+006,3.7631e-029,-1.28056e-031
593,6.93188e+007,142.622,-2.02097e-024,0,6.93188e+006,2.82728e-029,-8.7464e-032
594,7.62507e+007,142.622,-1.51838e-024,0,7.62507e+006,2.12418e-029,-5.97391e-032
595,8.38758e+007,142.622,-1.14079e-024,0,8.38758e+006,1.59593e-029,-4.08027e-032
596,9.22634e+007,142.622,-8.5709e-025,0,9.22634e+006,1.19905e-029,-2.78688e-032
597,1.0149e+008,142.622,-6.43945e-025,0,1.0149e+007,9.00862e-030,-1.90348e-032
598,1.11639e+008,142.622,-4.83806e-025,0,1.11639e+007,6.76831e-030,-1.3001e-032
599,1.22803e+008,142.622,-3.63491e-025,0,1.22803e+007,5.08514e-030,-8.87989e-033
600,1.35083e+008,142.622,-2.73096e-025,0,1.35083e+007,3.82054e-030,-6.06509e-033
601,1.48591e+008,142.622,-2.05182e-025,0,1.48591e+007,2.87043e-030,-4.14254e-033
602,1.6345e+008,142.622,-1.54156e-025,0,1.6345e+007,2.1566e-030,-2.82942e-033
603,1.79795e+008,142.622,-1.1582e-025,0,1.79795e+007,1.62029e-030,-1.93253e-033
604,1.97775e+008,142.622,-8.70173e-026,0,1.97775e+007,1.21735e-030,-1.31995e-033
605,2.17552e+008,142.622,-6.53775e-026,0,2.17552e+007,9.14613e-031,-9.01542e-034
606,2.39307e+008,142.622,-4.91191e-026,0,2.39307e+007,6.87163e-031,-6.15766e-034
607,2.63238e+008,142.622,-3.6904e-026,0,2.63238e+007,5.16276e-031,-4.20577e-034
608,2.89562e+008,142.622,-2.77265e-026,0,2.89562e+007,3.87886e-031,-2.8726e-034
609,3.18518e+008,142.622,-2.08314e-026,0,3.18518e+007,2.91425e-031,-1.96203e-034
610,3.5037e+008,142.622,-1.56509e-026,0,3.5037e+007,2.18952e-031,-1.34009e-034
611,3.85407e+008,142.622,-1.17588e-026,0,3.85407e+007,1.64502e-031,-9.15302e-035
612,4.23948e+008,142.622,-8.83456e-027,0,4.23948e+007,1.23593e-031,-6.25164e-035
613,4.66342e+008,142.622,-6.63754e-027,0,4.66342e+007,9.28574e-032,-4.26996e-035
614,5.12977e+008,142.622,-4.98689e-027,0,5.12977e+007,6.97652e-032,-2.91644e-035
615,5.64274e+008,142.622,-3.74673e-027,0,5.64274e+007,5.24157e-032,-1.99197e-035
616,6.20702e+008,142.622,-2.81498e-027,0,6.20702e+007,3.93807e-032,-1.36055e-035
617,6.82772e+008,142.622,-2.11494e-027,0,6.82772e+007,2.95874e-032,-9.29272e-036
618,7.51049e+008,142.622,-1.58898e-027,0,7.51049e+007,2.22295e-032,-6.34706e-036
619,8.26154e+008,142.622,-1.19383e-027,0,8.26154e+007,1.67013e-032,-4.33513e-036
620,9.0877e+008,142.622,-8.96942e-028,0,9.0877e+007,1.2548e-032,-2.96096e-036
621,9.99646e+008,142.622,-6.73887e-028,0,9.99646e+007,9.42749e-033,-2.02237e-036
622,1.09961e+009,142.622,-5.06302e-028,0,1.09961e+008,7.08302e-033,-1.38131e-036
623,1.20957e+009,142.622,-3.80392e-028,0,1.20957e+008,5.32158e-033,-9.43455e-037
624,1.33053e+009,142.622,-2.85795e-028,0,1.33053e+008,3.99819e-033,-6.44393e-037
625,1.46358e+009,142.622,-2.14722e-028,0,1.46358e+008,3.0039e-033,-4.4013e-037
626,1.60994e+009,142.622,-1.61324e-028,0,1.60994e+008,2.25688e-033,-3.00615e-037
627,1.77093e+009,142.622,-1.21205e-028,0,1.77093e+008,1.69563e-033,-2.05324e-037
628,1.94803e+009,142.622,-9.10634e-029,0,1.94803e+008,1.27395e-033,-1.40239e-037
629,2.14283e+009,142.622,-6.84173e-029,0,2.14283e+008,9.5714e-034,-9.57855e-038
630,2.35711e+009,142.622,-5.1403e-029,0,2.35711e+008,7.19114e-034,-6.54228e-038
631,2.59283e+009,142.622,-3.86199e-029,0,2.59283e+008,5.40282e-034,-4.46847e-038
632,2.85211e+009,142.622,-2.90157e-029,0,2.85211e+008,4.05922e-034,-3.05203e-038
633,3.13732e+009,142.622,-2.18e-029,0,3.13732e+008,3.04976e-034,-2.08458e-038
634,3.45105e+009,142.622,-1.63787e-029,0,3.45105e+008,2.29133e-034,-1.4238e-038
635,3.79616e+009,142.622,-1.23055e-029,0,3.79616e+008,1.72151e-034,-9.72474e-039
636,4.17577e+009,142.622,-9.24535e-030,0,4.17577e+008,1.2934e-034,-6.64214e-039
637,4.59335e+009,142.622,-6.94617e-030,0,4.59335e+008,9.71751e-035,-4.53667e-039
638,5.05268e+009,142.622,-5.21877e-030,0,5.05268e+008,7.30091e-035,-3.09861e-039
639,5.55795e+009,142.622,-3.92094e-030,0,5.55795e+008,5.48529e-035,-2.1164e-039
640,6.11375e+009,142.622,-2.94587e-030,0,6.11375e+008,4.12118e-035,-1.44553e-039
641,6.72512e+009,142.622,-2.21327e-030,0,6.72512e+008,3.09631e-035,-9.87317e-040
642,7.39763e+009,142.622,-1.66287e-030,0,7.39763e+008,2.32631e-035,-6.74351e-040
643,8.1374e+009,142.622,-1.24934e-030,0,8.1374e+008,1.74779e-035,-4.60592e-040
644,8.95114e+009,142.622,-9.38648e-031,0,8.95114e+008,1.31314e-035,-3.14591e-040
645,9.84625e+009,142.622,-7.05221e-031,0,9.84625e+008,9.86584e-036,-2.1487e-040
646,1.08309e+010,142.622,-5.29843e-031,0,1.08309e+009,7.41236e-036,-1.46759e-040
647,1.1914e+010,142.622,-3.9808e-031,0,1.1914e+009,5.56902e-036,-1.00239e-040
648,1.31054e+010,142.622,-2.99083e-031,0,1.31054e+009,4.18409e-036,-6.84644e-041
649,1.44159e+010,142.622,-2.24706e-031,0,1.44159e+009,3.14358e-036,-4.67621e-041
650,1.58575e+010,142.622,-1.68825e-031,0,1.58575e+009,2.36182e-036,-3.19392e-041
651,1.74432e+010,142.622,-1.26841e-031,0,1.74432e+009,1.77447e-036,-2.18149e-041
652,1.91876e+010,142.622,-9.52976e-032,0,1.91876e+009,1.33319e-036,-1.48999e-041
653,2.11063e+010,142.622,-7.15986e-032,0,2.11063e+009,1.00164e-036,-1.01768e-041
654,2.32169e+010,142.622,-5.37931e-032,0,2.32169e+009,7.52551e-037,-6.95093e-042
655,2.55386e+010,142.622,-4.04156e-032,0,2.55386e+009,5.65403e-037,-4.74759e-042
656,2.80925e+010,142.622,-3.03649e-032,0,2.80925e+009,4.24796e-037,-3.24267e-042
657,3.09018e+010,142.622,-2.28136e-032,0,3.09018e+009,3.19156e-037,-2.21479e-042
658,3.39919e+010,142.622,-1.71402e-032,0,3.39919e+009,2.39787e-037,-1.51273e-042
659,3.73911e+010,142.622,-1.28777e-032,0,3.73911e+009,1.80156e-037,-1.03322e-042
660,4.11302e+010,142.622,-9.67523e-033,0,4.11302e+009,1.35354e-037,-7.05702e-043
661,4.52433e+010,142.622,-7.26915e-033,0,4.52433e+009,1.01693e-037,-4.82005e-043
662,4.97676e+010,142.622,-5.46143e-033,0,4.97676e+009,7.64039e-038,-3.29216e-043
663,5.47443e+010,142.622,-4.10326e-033,0,5.47443e+009,5.74034e-038,-2.24859e-043
664,6.02188e+010,142.622,-3.08284e-033,0,6.02188e+009,4.31281e-038,-1.53582e-043
665,6.62407e+010,142.622,-2.31619e-033,0,6.62407e+009,3.24028e-038,-1.04899e-043
666,7.28647e+010,142.622,-1.74019e-033,0,7.28647e+009,2.43447e-038,-7.16473e-044
667,8.01512e+010,142.622,-1.30743e-033,0,8.01512e+009,1.82906e-038,-4.89361e-044
668,8.81663e+010,142.622,-9.82292e-034,0,8.81663e+009,1.3742e-038,-3.34241e-044
669,9.69829e+010,142.622,-7.38012e-034,0,9.69829e+009,1.03246e-038,-2.28291e-044
670,1.06681e+011,142.622,-5.5448e-034,0,1.06681e+010,7.75702e-039,-1.55926e-044
671,1.17349e+011,142.622,-4.16589e-034,0,1.17349e+010,5.82797e-039,-1.065e-044
672,1.29084e+011,142.622,-3.1299e-034,0,1.29084e+010,4.37864e-039,-7.27409e-045
673,1.41993e+011,142.622,-2.35154e-034,0,1.41993e+010,3.28974e-039,-4.9683e-045
674,1.56192e+011,142.622,-1.76675e-034,0,1.56192e+010,2.47164e-039,-3.39342e-045
675,1.71811e+011,142.622,-1.32739e-034,0,1.71811e+010,1.85698e-039,-2.31776e-045
676,1.88992e+011,142.622,-9.97287e-035,0,1.88992e+010,1.39518e-039,-1.58306e-045
677,2.07892e+011,142.622,-7.49277e-035,0,2.07892e+010,1.04822e-039,-1.08125e-045
678,2.28681e+011,142.622,-5.62944e-035,0,2.28681e+010,7.87543e-040,-7.38511e-046
679,2.51549e+011,142.622,-4.22949e-035,0,2.51549e+010,5.91693e-040,-5.04413e-046
680,2.76704e+011,142.622,-3.17768e-035,0,2.76704e+010,4.44548e-040,-3.44521e-046
681,3.04374e+011,142.622,-2.38744e-035,0,3.04374e+010,3.33996e-040,-2.35313e-046
682,3.34811e+011,142.622,-1.79372e-035,0,3.34811e+010,2.50937e-040,-1.60722e-046
683,3.68293e+011,142.622,-1.34765e-035,0,3.68293e+010,1.88533e-040,-1.09776e-046
684,4.05122e+011,142.622,-1.01251e-035,0,4.05122e+010,1.41647e-040,-7.49782e-047
685,4.45634e+011,142.622,-7.60715e-036,0,4.45634e+010,1.06422e-040,-5.12112e-047
686,4.90197e+011,142.622,-5.71537e-036,0,4.90197e+010,7.99565e-041,-3.4978e-047
687,5.39217e+011,142.622,-4.29405e-036,0,5.39217e+010,6.00725e-041,-2.38905e-047
688,5.93139e+011,142.622,-3.22619e-036,0,5.93139e+010,4.51334e-041,-1.63175e-047
689,6.52453e+011,142.622,-2.42388e-036,0,6.52453e+010,3.39095e-041,-1.11451e-047
690,7.17698e+011,142.622,-1.8211e-036,0,7.17698e+010,2.54767e-041,-7.61226e-048
691,7.89468e+011,142.622,-1.36822e-036,0,7.89468e+010,1.91411e-041,-5.19928e-048
692,8.68415e+011,142.622,-1.02797e-036,0,8.68415e+010,1.4381e-041,-3.55118e-048
693,9.55256e+011,142.622,-7.72327e-037,0,9.55256e+010,1.08046e-041,-2.42551e-048
