Mt,Mh_calc,Stability,S_exact,S_approx
104,151,1,-1,-1
104,152,1,-1,-1
104,153,1,-1,-1
104,154,1,-1,-1
104,155,1,-1,-1
104,156,1,-1,-1
104,157,1,-1,-1
104,158,1,-1,-1
104,159,1,-1,-1
104,160,1,-1,-1
104,161,1,-1,-1
104,162,4,-1,-1
104,163,4,-1,-1
104,164,4,-1,-1
104,165,4,-1,-1
104,166,4,-1,-1
104,167,4,-1,-1
104,168,4,-1,-1
104,169,4,-1,-1
104,170,4,-1,-1
104,171,4,-1,-1
104,172,4,-1,-1
104,173,4,-1,-1
104,174,4,-1,-1
104,175,4,-1,-1
104,176,4,-1,-1
104,177,4,-1,-1
104,178,4,-1,-1
104,179,4,-1,-1
104,180,4,-1,-1
104,181,4,-1,-1
104,182,4,-1,-1
104,183,4,-1,-1
104,184,4,-1,-1
104,185,4,-1,-1
104,186,4,-1,-1
104,187,4,-1,-1
104,188,4,-1,-1
104,189,4,-1,-1
104,190,4,-1,-1
104,191,4,-1,-1
104,192,4,-1,-1
104,193,4,-1,-1
104,194,4,-1,-1
104,195,4,-1,-1
104,196,4,-1,-1
104,197,4,-1,-1
104,198,4,-1,-1
104,199,4,-1,-1
104,200,4,-1,-1
104,201,4,-1,-1
104,202,4,-1,-1
104,203,4,-1,-1
104,204,4,-1,-1
104,205,4,-1,-1
104,206,4,-1,-1
104,207,4,-1,-1
104,208,4,-1,-1
104,209,4,-1,-1
104,210,4,-1,-1
104,211,4,-1,-1
104,212,4,-1,-1
104,213,4,-1,-1
104,214,4,-1,-1
104,215,4,-1,-1
104,216,4,-1,-1
104,217,4,-1,-1
104,218,4,-1,-1
104,219,4,-1,-1
104,220,4,-1,-1
104,221,4,-1,-1
104,222,4,-1,-1
104,223,4,-1,-1
104,224,4,-1,-1
104,225,4,-1,-1
104,226,4,-1,-1
104,227,4,-1,-1
104,228,4,-1,-1
104,229,4,-1,-1
104,230,4,-1,-1
104,231,4,-1,-1
104,232,4,-1,-1
104,233,4,-1,-1
104,234,4,-1,-1
104,235,4,-1,-1
104,236,4,-1,-1
104,237,4,-1,-1
104,238,4,-1,-1
104,239,4,-1,-1
104,240,4,-1,-1
104,241,4,-1,-1
104,242,4,-1,-1
104,243,4,-1,-1
104,244,4,-1,-1
104,245,4,-1,-1
104,246,4,-1,-1
104,247,4,-1,-1
104,248,4,-1,-1
104,249,4,-1,-1
104,250,4,-1,-1
105,0,2,1.00688e+006,10434.9
105,1,3,1.77634e-009,10467.9
105,2,3,-2.14649e+009,10568.1
105,3,2,5.5563e+006,10739.4
105,4,2,1.49792e+014,10988.8
105,5,3,-1.24945e+007,11327.1
105,6,3,-1.70998e+007,11770
105,7,2,6.10721e+015,12340.3
105,8,3,-4.31603e+007,13070.8
105,9,2,3.15791e+007,14010.8
105,10,3,-9.98319e+007,15235.8
105,11,3,-1.83156e+008,16865.9
105,12,3,-3.15604e+008,19105.3
105,13,3,-5.13475e+008,22328.6
105,14,3,-1.29472e+009,27305.3
105,15,2,1e+100,35896.9
105,16,2,1e+100,54097.5
105,17,2,1e+100,117584
105,18,1,-1,-1
105,19,1,-1,-1
105,20,1,-1,-1
105,21,1,-1,-1
105,22,1,-1,-1
105,23,1,-1,-1
105,24,1,-1,-1
105,25,1,-1,-1
105,26,1,-1,-1
105,27,1,-1,-1
105,28,1,-1,-1
105,29,1,-1,-1
105,30,1,-1,-1
105,31,1,-1,-1
105,32,1,-1,-1
105,33,1,-1,-1
105,34,1,-1,-1
105,35,1,-1,-1
105,36,1,-1,-1
105,37,1,-1,-1
105,38,1,-1,-1
105,39,1,-1,-1
105,40,1,-1,-1
105,41,1,-1,-1
105,42,1,-1,-1
105,43,1,-1,-1
105,44,1,-1,-1
105,45,1,-1,-1
105,46,1,-1,-1
105,47,1,-1,-1
105,48,1,-1,-1
105,49,1,-1,-1
105,50,1,-1,-1
105,51,1,-1,-1
105,52,1,-1,-1
105,53,1,-1,-1
105,54,1,-1,-1
105,55,1,-1,-1
105,56,1,-1,-1
105,57,1,-1,-1
105,58,1,-1,-1
105,59,1,-1,-1
105,60,1,-1,-1
105,61,1,-1,-1
105,62,1,-1,-1
105,63,1,-1,-1
105,64,1,-1,-1
105,65,1,-1,-1
105,66,1,-1,-1
105,67,1,-1,-1
105,68,1,-1,-1
105,69,1,-1,-1
105,70,1,-1,-1
105,71,1,-1,-1
105,72,1,-1,-1
105,73,1,-1,-1
105,74,1,-1,-1
105,75,1,-1,-1
105,76,1,-1,-1
105,77,1,-1,-1
105,78,1,-1,-1
105,79,1,-1,-1
105,80,1,-1,-1
105,81,1,-1,-1
105,82,1,-1,-1
105,83,1,-1,-1
105,84,1,-1,-1
105,85,1,-1,-1
105,86,1,-1,-1
105,87,1,-1,-1
105,88,1,-1,-1
105,89,1,-1,-1
105,90,1,-1,-1
105,91,1,-1,-1
105,92,1,-1,-1
105,93,1,-1,-1
105,94,1,-1,-1
105,95,1,-1,-1
105,96,1,-1,-1
105,97,1,-1,-1
105,98,1,-1,-1
105,99,1,-1,-1
105,100,1,-1,-1
105,101,1,-1,-1
105,102,1,-1,-1
105,103,1,-1,-1
105,104,1,-1,-1
105,105,1,-1,-1
105,106,1,-1,-1
105,107,1,-1,-1
105,108,1,-1,-1
105,109,1,-1,-1
105,110,1,-1,-1
105,111,1,-1,-1
105,112,1,-1,-1
105,113,1,-1,-1
105,114,1,-1,-1
105,115,1,-1,-1
105,116,1,-1,-1
105,117,1,-1,-1
105,118,1,-1,-1
105,119,1,-1,-1
105,120,1,-1,-1
105,121,1,-1,-1
105,122,1,-1,-1
105,123,1,-1,-1
105,124,1,-1,-1
105,125,1,-1,-1
105,126,1,-1,-1
105,127,1,-1,-1
105,128,1,-1,-1
105,129,1,-1,-1
105,130,1,-1,-1
105,131,1,-1,-1
105,132,1,-1,-1
105,133,1,-1,-1
105,134,1,-1,-1
105,135,1,-1,-1
105,136,1,-1,-1
105,137,1,-1,-1
105,138,1,-1,-1
105,139,1,-1,-1
105,140,1,-1,-1
105,141,1,-1,-1
105,142,1,-1,-1
105,143,1,-1,-1
105,144,1,-1,-1
105,145,1,-1,-1
105,146,1,-1,-1
105,147,1,-1,-1
105,148,1,-1,-1
105,149,1,-1,-1
105,150,1,-1,-1
105,151,1,-1,-1
105,152,1,-1,-1
105,153,1,-1,-1
105,154,1,-1,-1
105,155,1,-1,-1
105,156,1,-1,-1
105,157,1,-1,-1
105,158,1,-1,-1
105,159,1,-1,-1
105,160,1,-1,-1
105,161,1,-1,-1
105,162,4,-1,-1
105,163,4,-1,-1
105,164,4,-1,-1
105,165,4,-1,-1
105,166,4,-1,-1
105,167,4,-1,-1
105,168,4,-1,-1
105,169,4,-1,-1
105,170,4,-1,-1
105,171,4,-1,-1
105,172,4,-1,-1
105,173,4,-1,-1
105,174,4,-1,-1
105,175,4,-1,-1
105,176,4,-1,-1
105,177,4,-1,-1
105,178,4,-1,-1
105,179,4,-1,-1
105,180,4,-1,-1
105,181,4,-1,-1
105,182,4,-1,-1
105,183,4,-1,-1
105,184,4,-1,-1
105,185,4,-1,-1
105,186,4,-1,-1
105,187,4,-1,-1
105,188,4,-1,-1
105,189,4,-1,-1
105,190,4,-1,-1
105,191,4,-1,-1
105,192,4,-1,-1
105,193,4,-1,-1
105,194,4,-1,-1
105,195,4,-1,-1
105,196,4,-1,-1
105,197,4,-1,-1
105,198,4,-1,-1
105,199,4,-1,-1
105,200,4,-1,-1
105,201,4,-1,-1
105,202,4,-1,-1
105,203,4,-1,-1
105,204,4,-1,-1
105,205,4,-1,-1
105,206,4,-1,-1
105,207,4,-1,-1
105,208,4,-1,-1
105,209,4,-1,-1
105,210,4,-1,-1
105,211,4,-1,-1
105,212,4,-1,-1
105,213,4,-1,-1
105,214,4,-1,-1
105,215,4,-1,-1
105,216,4,-1,-1
105,217,4,-1,-1
105,218,4,-1,-1
105,219,4,-1,-1
105,220,4,-1,-1
105,221,4,-1,-1
105,222,4,-1,-1
105,223,4,-1,-1
105,224,4,-1,-1
105,225,4,-1,-1
105,226,4,-1,-1
105,227,4,-1,-1
105,228,4,-1,-1
105,229,4,-1,-1
105,230,4,-1,-1
105,231,4,-1,-1
105,232,4,-1,-1
105,233,4,-1,-1
105,234,4,-1,-1
105,235,4,-1,-1
105,236,4,-1,-1
105,237,4,-1,-1
105,238,4,-1,-1
105,239,4,-1,-1
105,240,4,-1,-1
105,241,4,-1,-1
105,242,4,-1,-1
105,243,4,-1,-1
105,244,4,-1,-1
105,245,4,-1,-1
105,246,4,-1,-1
105,247,4,-1,-1
105,248,4,-1,-1
105,249,4,-1,-1
105,250,4,-1,-1
106,0,2,233070,9210.5
106,1,2,3.87363e+012,9236.16
106,2,3,-4.93358e+006,9313.99
106,3,3,-7.04952e+006,9446.68
106,4,3,-7.49868e+006,9638.93
106,5,3,-9.53962e+006,9897.92
106,6,2,1.82994e+006,10233.9
106,7,3,-2.38441e+007,10661.6
106,8,3,-3.89282e+007,11201.8
106,9,3,-5.85369e+007,11884.5
106,10,3,-4.71366e+007,12753.4
106,11,3,-1.4104e+008,13874.7
106,12,3,-2.48274e+008,15353.7
106,13,3,-4.3854e+008,17366.4
106,14,3,-8.79876e+008,20229.7
106,15,2,1.27302e+021,24584.5
106,16,2,33187.7,31935.9
106,17,2,1e+100,46857
106,18,2,1e+100,92914
106,19,1,-1,-1
106,20,1,-1,-1
106,21,1,-1,-1
106,22,1,-1,-1
106,23,1,-1,-1
106,24,1,-1,-1
106,25,1,-1,-1
106,26,1,-1,-1
106,27,1,-1,-1
106,28,1,-1,-1
106,29,1,-1,-1
106,30,1,-1,-1
106,31,1,-1,-1
106,32,1,-1,-1
106,33,1,-1,-1
106,34,1,-1,-1
106,35,1,-1,-1
106,36,1,-1,-1
106,37,1,-1,-1
106,38,1,-1,-1
106,39,1,-1,-1
106,40,1,-1,-1
106,41,1,-1,-1
106,42,1,-1,-1
106,43,1,-1,-1
106,44,1,-1,-1
106,45,1,-1,-1
106,46,1,-1,-1
106,47,1,-1,-1
106,48,1,-1,-1
106,49,1,-1,-1
106,50,1,-1,-1
106,51,1,-1,-1
106,52,1,-1,-1
106,53,1,-1,-1
106,54,1,-1,-1
106,55,1,-1,-1
106,56,1,-1,-1
106,57,1,-1,-1
106,58,1,-1,-1
106,59,1,-1,-1
106,60,1,-1,-1
106,61,1,-1,-1
106,62,1,-1,-1
106,63,1,-1,-1
106,64,1,-1,-1
106,65,1,-1,-1
106,66,1,-1,-1
106,67,1,-1,-1
106,68,1,-1,-1
106,69,1,-1,-1
106,70,1,-1,-1
106,71,1,-1,-1
106,72,1,-1,-1
106,73,1,-1,-1
106,74,1,-1,-1
106,75,1,-1,-1
106,76,1,-1,-1
106,77,1,-1,-1
106,78,1,-1,-1
106,79,1,-1,-1
106,80,1,-1,-1
106,81,1,-1,-1
106,82,1,-1,-1
106,83,1,-1,-1
106,84,1,-1,-1
106,85,1,-1,-1
106,86,1,-1,-1
106,87,1,-1,-1
106,88,1,-1,-1
106,89,1,-1,-1
106,90,1,-1,-1
106,91,1,-1,-1
106,92,1,-1,-1
106,93,1,-1,-1
106,94,1,-1,-1
106,95,1,-1,-1
106,96,1,-1,-1
106,97,1,-1,-1
106,98,1,-1,-1
106,99,1,-1,-1
106,100,1,-1,-1
106,101,1,-1,-1
106,102,1,-1,-1
106,103,1,-1,-1
106,104,1,-1,-1
106,105,1,-1,-1
106,106,1,-1,-1
106,107,1,-1,-1
106,108,1,-1,-1
106,109,1,-1,-1
106,110,1,-1,-1
106,111,1,-1,-1
106,112,1,-1,-1
106,113,1,-1,-1
106,114,1,-1,-1
106,115,1,-1,-1
106,116,1,-1,-1
106,117,1,-1,-1
106,118,1,-1,-1
106,119,1,-1,-1
106,120,1,-1,-1
106,121,1,-1,-1
106,122,1,-1,-1
106,123,1,-1,-1
106,124,1,-1,-1
106,125,1,-1,-1
106,126,1,-1,-1
106,127,1,-1,-1
106,128,1,-1,-1
106,129,1,-1,-1
106,130,1,-1,-1
106,131,1,-1,-1
106,132,1,-1,-1
106,133,1,-1,-1
106,134,1,-1,-1
106,135,1,-1,-1
106,136,1,-1,-1
106,137,1,-1,-1
106,138,1,-1,-1
106,139,1,-1,-1
106,140,1,-1,-1
106,141,1,-1,-1
106,142,1,-1,-1
106,143,1,-1,-1
106,144,1,-1,-1
106,145,1,-1,-1
106,146,1,-1,-1
106,147,1,-1,-1
106,148,1,-1,-1
106,149,1,-1,-1
106,150,1,-1,-1
106,151,1,-1,-1
106,152,1,-1,-1
106,153,1,-1,-1
106,154,1,-1,-1
106,155,1,-1,-1
106,156,1,-1,-1
106,157,1,-1,-1
106,158,1,-1,-1
106,159,1,-1,-1
106,160,1,-1,-1
106,161,1,-1,-1
106,162,4,-1,-1
106,163,4,-1,-1
106,164,4,-1,-1
106,165,4,-1,-1
106,166,4,-1,-1
106,167,4,-1,-1
106,168,4,-1,-1
106,169,4,-1,-1
106,170,4,-1,-1
106,171,4,-1,-1
106,172,4,-1,-1
106,173,4,-1,-1
106,174,4,-1,-1
106,175,4,-1,-1
106,176,4,-1,-1
106,177,4,-1,-1
106,178,4,-1,-1
106,179,4,-1,-1
106,180,4,-1,-1
106,181,4,-1,-1
106,182,4,-1,-1
106,183,4,-1,-1
106,184,4,-1,-1
106,185,4,-1,-1
106,186,4,-1,-1
106,187,4,-1,-1
106,188,4,-1,-1
106,189,4,-1,-1
106,190,4,-1,-1
106,191,4,-1,-1
106,192,4,-1,-1
106,193,4,-1,-1
106,194,4,-1,-1
106,195,4,-1,-1
106,196,4,-1,-1
106,197,4,-1,-1
106,198,4,-1,-1
106,199,4,-1,-1
106,200,4,-1,-1
106,201,4,-1,-1
106,202,4,-1,-1
106,203,4,-1,-1
106,204,4,-1,-1
106,205,4,-1,-1
106,206,4,-1,-1
106,207,4,-1,-1
106,208,4,-1,-1
106,209,4,-1,-1
106,210,4,-1,-1
106,211,4,-1,-1
106,212,4,-1,-1
106,213,4,-1,-1
106,214,4,-1,-1
106,215,4,-1,-1
106,216,4,-1,-1
106,217,4,-1,-1
106,218,4,-1,-1
106,219,4,-1,-1
106,220,4,-1,-1
106,221,4,-1,-1
106,222,4,-1,-1
106,223,4,-1,-1
106,224,4,-1,-1
106,225,4,-1,-1
106,226,4,-1,-1
106,227,4,-1,-1
106,228,4,-1,-1
106,229,4,-1,-1
106,230,4,-1,-1
106,231,4,-1,-1
106,232,4,-1,-1
106,233,4,-1,-1
106,234,4,-1,-1
106,235,4,-1,-1
106,236,4,-1,-1
106,237,4,-1,-1
106,238,4,-1,-1
106,239,4,-1,-1
106,240,4,-1,-1
106,241,4,-1,-1
106,242,4,-1,-1
106,243,4,-1,-1
106,244,4,-1,-1
106,245,4,-1,-1
106,246,4,-1,-1
106,247,4,-1,-1
106,248,4,-1,-1
106,249,4,-1,-1
106,250,4,-1,-1
107,0,3,-2.67751e+006,8182.08
107,1,3,-1.7978e+006,8202.29
107,2,3,-5.2546e+006,8263.51
107,3,3,-5.70236e+006,8367.61
107,4,3,-7.73493e+006,8517.84
107,5,3,-1.16077e+007,8719.14
107,6,3,-1.60334e+007,8978.5
107,7,3,-2.56849e+007,9305.69
107,8,2,2.02951e+007,9714.22
107,9,3,-4.05252e+010,10223
107,10,3,-8.17348e+007,10858.7
107,11,3,-1.24053e+008,11660.3
107,12,3,-2.2398e+008,12686.1
107,13,3,-3.20386e+008,14027.2
107,14,3,-5.77398e+008,15835.8
107,15,3,-1.02742e+008,18382.3
107,16,2,22721.2,22199.8
107,17,3,-6.78819e+009,28502.9
107,18,2,43504.4,40782.7
107,19,2,1e+100,74919.4
107,20,2,1e+100,638647
107,21,1,-1,-1
107,22,1,-1,-1
107,23,1,-1,-1
107,24,1,-1,-1
107,25,1,-1,-1
107,26,1,-1,-1
107,27,1,-1,-1
107,28,1,-1,-1
107,29,1,-1,-1
107,30,1,-1,-1
107,31,1,-1,-1
107,32,1,-1,-1
107,33,1,-1,-1
107,34,1,-1,-1
107,35,1,-1,-1
107,36,1,-1,-1
107,37,1,-1,-1
107,38,1,-1,-1
107,39,1,-1,-1
107,40,1,-1,-1
107,41,1,-1,-1
107,42,1,-1,-1
107,43,1,-1,-1
107,44,1,-1,-1
107,45,1,-1,-1
107,46,1,-1,-1
107,47,1,-1,-1
107,48,1,-1,-1
107,49,1,-1,-1
107,50,1,-1,-1
107,51,1,-1,-1
107,52,1,-1,-1
107,53,1,-1,-1
107,54,1,-1,-1
107,55,1,-1,-1
107,56,1,-1,-1
107,57,1,-1,-1
107,58,1,-1,-1
107,59,1,-1,-1
107,60,1,-1,-1
107,61,1,-1,-1
107,62,1,-1,-1
107,63,1,-1,-1
107,64,1,-1,-1
107,65,1,-1,-1
107,66,1,-1,-1
107,67,1,-1,-1
107,68,1,-1,-1
107,69,1,-1,-1
107,70,1,-1,-1
107,71,1,-1,-1
107,72,1,-1,-1
107,73,1,-1,-1
107,74,1,-1,-1
107,75,1,-1,-1
107,76,1,-1,-1
107,77,1,-1,-1
107,78,1,-1,-1
107,79,1,-1,-1
107,80,1,-1,-1
107,81,1,-1,-1
107,82,1,-1,-1
107,83,1,-1,-1
107,84,1,-1,-1
107,85,1,-1,-1
107,86,1,-1,-1
107,87,1,-1,-1
107,88,1,-1,-1
107,89,1,-1,-1
107,90,1,-1,-1
107,91,1,-1,-1
107,92,1,-1,-1
107,93,1,-1,-1
107,94,1,-1,-1
107,95,1,-1,-1
107,96,1,-1,-1
107,97,1,-1,-1
107,98,1,-1,-1
107,99,1,-1,-1
107,100,1,-1,-1
107,101,1,-1,-1
107,102,1,-1,-1
107,103,1,-1,-1
107,104,1,-1,-1
107,105,1,-1,-1
107,106,1,-1,-1
107,107,1,-1,-1
107,108,1,-1,-1
107,109,1,-1,-1
107,110,1,-1,-1
107,111,1,-1,-1
107,112,1,-1,-1
107,113,1,-1,-1
107,114,1,-1,-1
107,115,1,-1,-1
107,116,1,-1,-1
107,117,1,-1,-1
107,118,1,-1,-1
107,119,1,-1,-1
107,120,1,-1,-1
107,121,1,-1,-1
107,122,1,-1,-1
107,123,1,-1,-1
107,124,1,-1,-1
107,125,1,-1,-1
107,126,1,-1,-1
107,127,1,-1,-1
107,128,1,-1,-1
107,129,1,-1,-1
107,130,1,-1,-1
107,131,1,-1,-1
107,132,1,-1,-1
107,133,1,-1,-1
107,134,1,-1,-1
107,135,1,-1,-1
107,136,1,-1,-1
107,137,1,-1,-1
107,138,1,-1,-1
107,139,1,-1,-1
107,140,1,-1,-1
107,141,1,-1,-1
107,142,1,-1,-1
107,143,1,-1,-1
107,144,1,-1,-1
107,145,1,-1,-1
107,146,1,-1,-1
107,147,1,-1,-1
107,148,1,-1,-1
107,149,1,-1,-1
107,150,1,-1,-1
107,151,1,-1,-1
107,152,1,-1,-1
107,153,1,-1,-1
107,154,1,-1,-1
107,155,1,-1,-1
107,156,1,-1,-1
107,157,1,-1,-1
107,158,1,-1,-1
107,159,1,-1,-1
107,160,1,-1,-1
107,161,1,-1,-1
107,162,4,-1,-1
107,163,4,-1,-1
107,164,4,-1,-1
107,165,4,-1,-1
107,166,4,-1,-1
107,167,4,-1,-1
107,168,4,-1,-1
107,169,4,-1,-1
107,170,4,-1,-1
107,171,4,-1,-1
107,172,4,-1,-1
107,173,4,-1,-1
107,174,4,-1,-1
107,175,4,-1,-1
107,176,4,-1,-1
107,177,4,-1,-1
107,178,4,-1,-1
107,179,4,-1,-1
107,180,4,-1,-1
107,181,4,-1,-1
107,182,4,-1,-1
107,183,4,-1,-1
107,184,4,-1,-1
107,185,4,-1,-1
107,186,4,-1,-1
107,187,4,-1,-1
107,188,4,-1,-1
107,189,4,-1,-1
107,190,4,-1,-1
107,191,4,-1,-1
107,192,4,-1,-1
107,193,4,-1,-1
107,194,4,-1,-1
107,195,4,-1,-1
107,196,4,-1,-1
107,197,4,-1,-1
107,198,4,-1,-1
107,199,4,-1,-1
107,200,4,-1,-1
107,201,4,-1,-1
107,202,4,-1,-1
107,203,4,-1,-1
107,204,4,-1,-1
107,205,4,-1,-1
107,206,4,-1,-1
107,207,4,-1,-1
107,208,4,-1,-1
107,209,4,-1,-1
107,210,4,-1,-1
107,211,4,-1,-1
107,212,4,-1,-1
107,213,4,-1,-1
107,214,4,-1,-1
107,215,4,-1,-1
107,216,4,-1,-1
107,217,4,-1,-1
107,218,4,-1,-1
107,219,4,-1,-1
107,220,4,-1,-1
107,221,4,-1,-1
107,222,4,-1,-1
107,223,4,-1,-1
107,224,4,-1,-1
107,225,4,-1,-1
107,226,4,-1,-1
107,227,4,-1,-1
107,228,4,-1,-1
107,229,4,-1,-1
107,230,4,-1,-1
107,231,4,-1,-1
107,232,4,-1,-1
107,233,4,-1,-1
107,234,4,-1,-1
107,235,4,-1,-1
107,236,4,-1,-1
107,237,4,-1,-1
107,238,4,-1,-1
107,239,4,-1,-1
107,240,4,-1,-1
107,241,4,-1,-1
107,242,4,-1,-1
107,243,4,-1,-1
107,244,4,-1,-1
107,245,4,-1,-1
107,246,4,-1,-1
107,247,4,-1,-1
107,248,4,-1,-1
107,249,4,-1,-1
107,250,4,-1,-1
108,0,3,-4.08277e+006,7309.69
108,1,3,-4.0008e+006,7325.8
108,2,3,-883757,7374.55
108,3,3,-6.27775e+006,7457.26
108,4,3,-6.55152e+006,7576.23
108,5,3,-1.25277e+007,7734.9
108,6,2,1.01484e+012,7938.12
108,7,3,-2.2851e+007,8192.54
108,8,3,-3.68163e+007,8507.21
108,9,3,-4.86868e+007,8894.45
108,10,3,-7.55883e+007,9371.33
108,11,3,-8.04814e+007,9961.47
108,12,3,-1.72106e+008,10699.6
108,13,3,-3.00448e+008,11637.1
108,14,2,8.17179e+014,12853.8
108,15,3,-8.96352e+008,14480.6
108,16,3,-1.81285e+009,16746.6
108,17,2,20548.5,20094
108,18,2,26457.3,25502.9
108,19,2,37700.8,35653
108,20,2,68081.3,61431.1
108,21,2,1.0679e+032,256187
108,22,1,-1,-1
108,23,1,-1,-1
108,24,1,-1,-1
108,25,1,-1,-1
108,26,1,-1,-1
108,27,1,-1,-1
108,28,1,-1,-1
108,29,1,-1,-1
108,30,1,-1,-1
108,31,1,-1,-1
108,32,1,-1,-1
108,33,1,-1,-1
108,34,1,-1,-1
108,35,1,-1,-1
108,36,1,-1,-1
108,37,1,-1,-1
108,38,1,-1,-1
108,39,1,-1,-1
108,40,1,-1,-1
108,41,1,-1,-1
108,42,1,-1,-1
108,43,1,-1,-1
108,44,1,-1,-1
108,45,1,-1,-1
108,46,1,-1,-1
108,47,1,-1,-1
108,48,1,-1,-1
108,49,1,-1,-1
108,50,1,-1,-1
108,51,1,-1,-1
108,52,1,-1,-1
108,53,1,-1,-1
108,54,1,-1,-1
108,55,1,-1,-1
108,56,1,-1,-1
108,57,1,-1,-1
108,58,1,-1,-1
108,59,1,-1,-1
108,60,1,-1,-1
108,61,1,-1,-1
108,62,1,-1,-1
108,63,1,-1,-1
108,64,1,-1,-1
108,65,1,-1,-1
108,66,1,-1,-1
108,67,1,-1,-1
108,68,1,-1,-1
108,69,1,-1,-1
108,70,1,-1,-1
108,71,1,-1,-1
108,72,1,-1,-1
108,73,1,-1,-1
108,74,1,-1,-1
108,75,1,-1,-1
108,76,1,-1,-1
108,77,1,-1,-1
108,78,1,-1,-1
108,79,1,-1,-1
108,80,1,-1,-1
108,81,1,-1,-1
108,82,1,-1,-1
108,83,1,-1,-1
108,84,1,-1,-1
108,85,1,-1,-1
108,86,1,-1,-1
108,87,1,-1,-1
108,88,1,-1,-1
108,89,1,-1,-1
108,90,1,-1,-1
108,91,1,-1,-1
108,92,1,-1,-1
108,93,1,-1,-1
108,94,1,-1,-1
108,95,1,-1,-1
108,96,1,-1,-1
108,97,1,-1,-1
108,98,1,-1,-1
108,99,1,-1,-1
108,100,1,-1,-1
108,101,1,-1,-1
108,102,1,-1,-1
108,103,1,-1,-1
108,104,1,-1,-1
108,105,1,-1,-1
108,106,1,-1,-1
108,107,1,-1,-1
108,108,1,-1,-1
108,109,1,-1,-1
108,110,1,-1,-1
108,111,1,-1,-1
108,112,1,-1,-1
108,113,1,-1,-1
108,114,1,-1,-1
108,115,1,-1,-1
108,116,1,-1,-1
108,117,1,-1,-1
108,118,1,-1,-1
108,119,1,-1,-1
108,120,1,-1,-1
108,121,1,-1,-1
108,122,1,-1,-1
108,123,1,-1,-1
108,124,1,-1,-1
108,125,1,-1,-1
108,126,1,-1,-1
108,127,1,-1,-1
108,128,1,-1,-1
108,129,1,-1,-1
108,130,1,-1,-1
108,131,1,-1,-1
108,132,1,-1,-1
108,133,1,-1,-1
108,134,1,-1,-1
108,135,1,-1,-1
108,136,1,-1,-1
108,137,1,-1,-1
108,138,1,-1,-1
108,139,1,-1,-1
108,140,1,-1,-1
108,141,1,-1,-1
108,142,1,-1,-1
108,143,1,-1,-1
108,144,1,-1,-1
108,145,1,-1,-1
108,146,1,-1,-1
108,147,1,-1,-1
108,148,1,-1,-1
108,149,1,-1,-1
108,150,1,-1,-1
108,151,1,-1,-1
108,152,1,-1,-1
108,153,1,-1,-1
108,154,1,-1,-1
108,155,1,-1,-1
108,156,1,-1,-1
108,157,1,-1,-1
108,158,1,-1,-1
108,159,1,-1,-1
108,160,1,-1,-1
108,161,1,-1,-1
108,162,4,-1,-1
108,163,4,-1,-1
108,164,4,-1,-1
108,165,4,-1,-1
108,166,4,-1,-1
108,167,4,-1,-1
108,168,4,-1,-1
108,169,4,-1,-1
108,170,4,-1,-1
108,171,4,-1,-1
108,172,4,-1,-1
108,173,4,-1,-1
108,174,4,-1,-1
108,175,4,-1,-1
108,176,4,-1,-1
108,177,4,-1,-1
108,178,4,-1,-1
108,179,4,-1,-1
108,180,4,-1,-1
108,181,4,-1,-1
108,182,4,-1,-1
108,183,4,-1,-1
108,184,4,-1,-1
108,185,4,-1,-1
108,186,4,-1,-1
108,187,4,-1,-1
108,188,4,-1,-1
108,189,4,-1,-1
108,190,4,-1,-1
108,191,4,-1,-1
108,192,4,-1,-1
108,193,4,-1,-1
108,194,4,-1,-1
108,195,4,-1,-1
108,196,4,-1,-1
108,197,4,-1,-1
108,198,4,-1,-1
108,199,4,-1,-1
108,200,4,-1,-1
108,201,4,-1,-1
108,202,4,-1,-1
108,203,4,-1,-1
108,204,4,-1,-1
108,205,4,-1,-1
108,206,4,-1,-1
108,207,4,-1,-1
108,208,4,-1,-1
108,209,4,-1,-1
108,210,4,-1,-1
108,211,4,-1,-1
108,212,4,-1,-1
108,213,4,-1,-1
108,214,4,-1,-1
108,215,4,-1,-1
108,216,4,-1,-1
108,217,4,-1,-1
108,218,4,-1,-1
108,219,4,-1,-1
108,220,4,-1,-1
108,221,4,-1,-1
108,222,4,-1,-1
108,223,4,-1,-1
108,224,4,-1,-1
108,225,4,-1,-1
108,226,4,-1,-1
108,227,4,-1,-1
108,228,4,-1,-1
108,229,4,-1,-1
108,230,4,-1,-1
108,231,4,-1,-1
108,232,4,-1,-1
108,233,4,-1,-1
108,234,4,-1,-1
108,235,4,-1,-1
108,236,4,-1,-1
108,237,4,-1,-1
108,238,4,-1,-1
108,239,4,-1,-1
108,240,4,-1,-1
108,241,4,-1,-1
108,242,4,-1,-1
108,243,4,-1,-1
108,244,4,-1,-1
108,245,4,-1,-1
108,246,4,-1,-1
108,247,4,-1,-1
108,248,4,-1,-1
108,249,4,-1,-1
108,250,4,-1,-1
109,0,3,-4.46937e+006,6563.61
109,1,3,-4.32373e+006,6576.58
109,2,3,-3.41391e+006,6615.8
109,3,3,-6.62934e+006,6682.23
109,4,2,3.60546e+015,6777.5
109,5,3,-9.43033e+006,6904.08
109,6,3,-9.6986e+006,7065.38
109,7,3,-2.16872e+007,7266.02
109,8,3,-5.0684e+006,7512.21
109,9,3,-5.05123e+007,7812.09
109,10,2,1.32335e+016,8176.99
109,11,3,-1.03416e+008,8622.24
109,12,2,1.71642e+018,9169.23
109,13,3,-2.36136e+008,9848.56
109,14,3,-4.05956e+008,10705.4
109,15,3,-6.87621e+008,11808.8
109,16,3,-9.38762e+008,13271.5
109,17,2,15548,15288
109,18,2,18655.9,18226.7
109,19,2,23626.8,22875.7
109,20,2,32911.8,31290.6
109,21,2,55854.4,51038.6
109,22,2,5.98497e+031,151095
109,23,1,-1,-1
109,24,1,-1,-1
109,25,1,-1,-1
109,26,1,-1,-1
109,27,1,-1,-1
109,28,1,-1,-1
109,29,1,-1,-1
109,30,1,-1,-1
109,31,1,-1,-1
109,32,1,-1,-1
109,33,1,-1,-1
109,34,1,-1,-1
109,35,1,-1,-1
109,36,1,-1,-1
109,37,1,-1,-1
109,38,1,-1,-1
109,39,1,-1,-1
109,40,1,-1,-1
109,41,1,-1,-1
109,42,1,-1,-1
109,43,1,-1,-1
109,44,1,-1,-1
109,45,1,-1,-1
109,46,1,-1,-1
109,47,1,-1,-1
109,48,1,-1,-1
109,49,1,-1,-1
109,50,1,-1,-1
109,51,1,-1,-1
109,52,1,-1,-1
109,53,1,-1,-1
109,54,1,-1,-1
109,55,1,-1,-1
109,56,1,-1,-1
109,57,1,-1,-1
109,58,1,-1,-1
109,59,1,-1,-1
109,60,1,-1,-1
109,61,1,-1,-1
109,62,1,-1,-1
109,63,1,-1,-1
109,64,1,-1,-1
109,65,1,-1,-1
109,66,1,-1,-1
109,67,1,-1,-1
109,68,1,-1,-1
109,69,1,-1,-1
109,70,1,-1,-1
109,71,1,-1,-1
109,72,1,-1,-1
109,73,1,-1,-1
109,74,1,-1,-1
109,75,1,-1,-1
109,76,1,-1,-1
109,77,1,-1,-1
109,78,1,-1,-1
109,79,1,-1,-1
109,80,1,-1,-1
109,81,1,-1,-1
109,82,1,-1,-1
109,83,1,-1,-1
109,84,1,-1,-1
109,85,1,-1,-1
109,86,1,-1,-1
109,87,1,-1,-1
109,88,1,-1,-1
109,89,1,-1,-1
109,90,1,-1,-1
109,91,1,-1,-1
109,92,1,-1,-1
109,93,1,-1,-1
109,94,1,-1,-1
109,95,1,-1,-1
109,96,1,-1,-1
109,97,1,-1,-1
109,98,1,-1,-1
109,99,1,-1,-1
109,100,1,-1,-1
109,101,1,-1,-1
109,102,1,-1,-1
109,103,1,-1,-1
109,104,1,-1,-1
109,105,1,-1,-1
109,106,1,-1,-1
109,107,1,-1,-1
109,108,1,-1,-1
109,109,1,-1,-1
109,110,1,-1,-1
109,111,1,-1,-1
109,112,1,-1,-1
109,113,1,-1,-1
109,114,1,-1,-1
109,115,1,-1,-1
109,116,1,-1,-1
109,117,1,-1,-1
109,118,1,-1,-1
109,119,1,-1,-1
109,120,1,-1,-1
109,121,1,-1,-1
109,122,1,-1,-1
109,123,1,-1,-1
109,124,1,-1,-1
109,125,1,-1,-1
109,126,1,-1,-1
109,127,1,-1,-1
109,128,1,-1,-1
109,129,1,-1,-1
109,130,1,-1,-1
109,131,1,-1,-1
109,132,1,-1,-1
109,133,1,-1,-1
109,134,1,-1,-1
109,135,1,-1,-1
109,136,1,-1,-1
109,137,1,-1,-1
109,138,1,-1,-1
109,139,1,-1,-1
109,140,1,-1,-1
109,141,1,-1,-1
109,142,1,-1,-1
109,143,1,-1,-1
109,144,1,-1,-1
109,145,1,-1,-1
109,146,1,-1,-1
109,147,1,-1,-1
109,148,1,-1,-1
109,149,1,-1,-1
109,150,1,-1,-1
109,151,1,-1,-1
109,152,1,-1,-1
109,153,1,-1,-1
109,154,1,-1,-1
109,155,1,-1,-1
109,156,1,-1,-1
109,157,1,-1,-1
109,158,1,-1,-1
109,159,1,-1,-1
109,160,1,-1,-1
109,161,4,-1,-1
109,162,4,-1,-1
109,163,4,-1,-1
109,164,4,-1,-1
109,165,4,-1,-1
109,166,4,-1,-1
109,167,4,-1,-1
109,168,4,-1,-1
109,169,4,-1,-1
109,170,4,-1,-1
109,171,4,-1,-1
109,172,4,-1,-1
109,173,4,-1,-1
109,174,4,-1,-1
109,175,4,-1,-1
109,176,4,-1,-1
109,177,4,-1,-1
109,178,4,-1,-1
109,179,4,-1,-1
109,180,4,-1,-1
109,181,4,-1,-1
109,182,4,-1,-1
109,183,4,-1,-1
109,184,4,-1,-1
109,185,4,-1,-1
109,186,4,-1,-1
109,187,4,-1,-1
109,188,4,-1,-1
109,189,4,-1,-1
109,190,4,-1,-1
109,191,4,-1,-1
109,192,4,-1,-1
109,193,4,-1,-1
109,194,4,-1,-1
109,195,4,-1,-1
109,196,4,-1,-1
109,197,4,-1,-1
109,198,4,-1,-1
109,199,4,-1,-1
109,200,4,-1,-1
109,201,4,-1,-1
109,202,4,-1,-1
109,203,4,-1,-1
109,204,4,-1,-1
109,205,4,-1,-1
109,206,4,-1,-1
109,207,4,-1,-1
109,208,4,-1,-1
109,209,4,-1,-1
109,210,4,-1,-1
109,211,4,-1,-1
109,212,4,-1,-1
109,213,4,-1,-1
109,214,4,-1,-1
109,215,4,-1,-1
109,216,4,-1,-1
109,217,4,-1,-1
109,218,4,-1,-1
109,219,4,-1,-1
109,220,4,-1,-1
109,221,4,-1,-1
109,222,4,-1,-1
109,223,4,-1,-1
109,224,4,-1,-1
109,225,4,-1,-1
109,226,4,-1,-1
109,227,4,-1,-1
109,228,4,-1,-1
109,229,4,-1,-1
109,230,4,-1,-1
109,231,4,-1,-1
109,232,4,-1,-1
109,233,4,-1,-1
109,234,4,-1,-1
109,235,4,-1,-1
109,236,4,-1,-1
109,237,4,-1,-1
109,238,4,-1,-1
109,239,4,-1,-1
109,240,4,-1,-1
109,241,4,-1,-1
109,242,4,-1,-1
109,243,4,-1,-1
109,244,4,-1,-1
109,245,4,-1,-1
109,246,4,-1,-1
109,247,4,-1,-1
109,248,4,-1,-1
109,249,4,-1,-1
109,250,4,-1,-1
110,0,3,-4.8288e+006,5920.7
110,1,2,3.10596e+006,5931.24
110,2,3,-5.17785e+006,5963.09
110,3,3,-7.04212e+006,6016.95
110,4,2,2.30338e+015,6094.02
110,5,3,-1.0728e+007,6196.02
110,6,3,-1.58652e+007,6325.42
110,7,3,-2.18759e+007,6485.5
110,8,3,-3.46205e+007,6680.63
110,9,3,-4.61983e+007,6916.53
110,10,3,-6.3323e+007,7200.77
110,11,3,-9.31854e+007,7543.5
110,12,3,-1.04405e+007,7958.5
110,13,3,-2.1028e+008,8464.64
110,14,3,-3.54267e+008,9088.99
110,15,3,-5.16077e+008,9871.34
110,16,3,-8.30969e+008,10872.1
110,17,3,-1.54989e+009,12188
110,18,2,14231.8,13982.9
110,19,2,16969.1,16562.5
110,20,2,21241.7,20563.3
110,21,2,26529.7,27565.4
110,22,2,46308.1,42884.7
110,23,2,7.12754e+032,102582
110,24,1,-1,-1
110,25,1,-1,-1
110,26,1,-1,-1
110,27,1,-1,-1
110,28,1,-1,-1
110,29,1,-1,-1
110,30,1,-1,-1
110,31,1,-1,-1
110,32,1,-1,-1
110,33,1,-1,-1
110,34,1,-1,-1
110,35,1,-1,-1
110,36,1,-1,-1
110,37,1,-1,-1
110,38,1,-1,-1
110,39,1,-1,-1
110,40,1,-1,-1
110,41,1,-1,-1
110,42,1,-1,-1
110,43,1,-1,-1
110,44,1,-1,-1
110,45,1,-1,-1
110,46,1,-1,-1
110,47,1,-1,-1
110,48,1,-1,-1
110,49,1,-1,-1
110,50,1,-1,-1
110,51,1,-1,-1
110,52,1,-1,-1
110,53,1,-1,-1
110,54,1,-1,-1
110,55,1,-1,-1
110,56,1,-1,-1
110,57,1,-1,-1
110,58,1,-1,-1
110,59,1,-1,-1
110,60,1,-1,-1
110,61,1,-1,-1
110,62,1,-1,-1
110,63,1,-1,-1
110,64,1,-1,-1
110,65,1,-1,-1
110,66,1,-1,-1
110,67,1,-1,-1
110,68,1,-1,-1
110,69,1,-1,-1
110,70,1,-1,-1
110,71,1,-1,-1
110,72,1,-1,-1
110,73,1,-1,-1
110,74,1,-1,-1
110,75,1,-1,-1
110,76,1,-1,-1
110,77,1,-1,-1
110,78,1,-1,-1
110,79,1,-1,-1
110,80,1,-1,-1
110,81,1,-1,-1
110,82,1,-1,-1
110,83,1,-1,-1
110,84,1,-1,-1
110,85,1,-1,-1
110,86,1,-1,-1
110,87,1,-1,-1
110,88,1,-1,-1
110,89,1,-1,-1
110,90,1,-1,-1
110,91,1,-1,-1
110,92,1,-1,-1
110,93,1,-1,-1
110,94,1,-1,-1
110,95,1,-1,-1
110,96,1,-1,-1
110,97,1,-1,-1
110,98,1,-1,-1
110,99,1,-1,-1
110,100,1,-1,-1
110,101,1,-1,-1
110,102,1,-1,-1
110,103,1,-1,-1
110,104,1,-1,-1
110,105,1,-1,-1
110,106,1,-1,-1
110,107,1,-1,-1
110,108,1,-1,-1
110,109,1,-1,-1
110,110,1,-1,-1
110,111,1,-1,-1
110,112,1,-1,-1
110,113,1,-1,-1
110,114,1,-1,-1
110,115,1,-1,-1
110,116,1,-1,-1
110,117,1,-1,-1
110,118,1,-1,-1
110,119,1,-1,-1
110,120,1,-1,-1
110,121,1,-1,-1
110,122,1,-1,-1
110,123,1,-1,-1
110,124,1,-1,-1
110,125,1,-1,-1
110,126,1,-1,-1
110,127,1,-1,-1
110,128,1,-1,-1
110,129,1,-1,-1
110,130,1,-1,-1
110,131,1,-1,-1
110,132,1,-1,-1
110,133,1,-1,-1
110,134,1,-1,-1
110,135,1,-1,-1
110,136,1,-1,-1
110,137,1,-1,-1
110,138,1,-1,-1
110,139,1,-1,-1
110,140,1,-1,-1
110,141,1,-1,-1
110,142,1,-1,-1
110,143,1,-1,-1
110,144,1,-1,-1
110,145,1,-1,-1
110,146,1,-1,-1
110,147,1,-1,-1
110,148,1,-1,-1
110,149,1,-1,-1
110,150,1,-1,-1
110,151,1,-1,-1
110,152,1,-1,-1
110,153,1,-1,-1
110,154,1,-1,-1
110,155,1,-1,-1
110,156,1,-1,-1
110,157,1,-1,-1
110,158,1,-1,-1
110,159,1,-1,-1
110,160,1,-1,-1
110,161,4,-1,-1
110,162,4,-1,-1
110,163,4,-1,-1
110,164,4,-1,-1
110,165,4,-1,-1
110,166,4,-1,-1
110,167,4,-1,-1
110,168,4,-1,-1
110,169,4,-1,-1
110,170,4,-1,-1
110,171,4,-1,-1
110,172,4,-1,-1
110,173,4,-1,-1
110,174,4,-1,-1
110,175,4,-1,-1
110,176,4,-1,-1
110,177,4,-1,-1
110,178,4,-1,-1
110,179,4,-1,-1
110,180,4,-1,-1
110,181,4,-1,-1
110,182,4,-1,-1
110,183,4,-1,-1
110,184,4,-1,-1
110,185,4,-1,-1
110,186,4,-1,-1
110,187,4,-1,-1
110,188,4,-1,-1
110,189,4,-1,-1
110,190,4,-1,-1
110,191,4,-1,-1
110,192,4,-1,-1
110,193,4,-1,-1
110,194,4,-1,-1
110,195,4,-1,-1
110,196,4,-1,-1
110,197,4,-1,-1
110,198,4,-1,-1
110,199,4,-1,-1
110,200,4,-1,-1
110,201,4,-1,-1
110,202,4,-1,-1
110,203,4,-1,-1
110,204,4,-1,-1
110,205,4,-1,-1
110,206,4,-1,-1
110,207,4,-1,-1
110,208,4,-1,-1
110,209,4,-1,-1
110,210,4,-1,-1
110,211,4,-1,-1
110,212,4,-1,-1
110,213,4,-1,-1
110,214,4,-1,-1
110,215,4,-1,-1
110,216,4,-1,-1
110,217,4,-1,-1
110,218,4,-1,-1
110,219,4,-1,-1
110,220,4,-1,-1
110,221,4,-1,-1
110,222,4,-1,-1
110,223,4,-1,-1
110,224,4,-1,-1
110,225,4,-1,-1
110,226,4,-1,-1
110,227,4,-1,-1
110,228,4,-1,-1
110,229,4,-1,-1
110,230,4,-1,-1
110,231,4,-1,-1
110,232,4,-1,-1
110,233,4,-1,-1
110,234,4,-1,-1
110,235,4,-1,-1
110,236,4,-1,-1
110,237,4,-1,-1
110,238,4,-1,-1
110,239,4,-1,-1
110,240,4,-1,-1
110,241,4,-1,-1
110,242,4,-1,-1
110,243,4,-1,-1
110,244,4,-1,-1
110,245,4,-1,-1
110,246,4,-1,-1
110,247,4,-1,-1
110,248,4,-1,-1
110,249,4,-1,-1
110,250,4,-1,-1
111,0,3,-5.332e+006,5362.75
111,1,2,4.85448e+006,5371.39
111,2,3,-5.58687e+006,5397.46
111,3,3,-2.47402e+006,5441.48
111,4,3,-9.05638e+006,5504.33
111,5,3,-1.24558e+007,5587.32
111,6,3,-1.72658e+007,5692.22
111,7,3,-2.28861e+007,5821.42
111,8,3,-1.18252e+007,5978.01
111,9,3,-4.0131e+007,6166.02
111,10,3,-6.3476e+007,6390.72
111,11,2,2.38991e+007,6658.85
111,12,3,-1.25453e+008,6979.65
111,13,2,4.9473e+015,7365.48
111,14,3,-7.01253e+007,7833.32
111,15,3,-4.75118e+008,8407.09
111,16,3,-7.3202e+008,9121.29
111,17,3,-1.24344e+009,10028.4
111,18,3,-2.45366e+009,11211.6
111,19,2,12797.2,12810.2
111,20,2,15426.8,15076
111,21,2,19060.3,18521.8
111,22,2,25410.3,24366.3
111,23,2,5.17084e+024,36383.6
111,24,2,5.31391e+031,75074.8
111,25,1,-1,-1
111,26,1,-1,-1
111,27,1,-1,-1
111,28,1,-1,-1
111,29,1,-1,-1
111,30,1,-1,-1
111,31,1,-1,-1
111,32,1,-1,-1
111,33,1,-1,-1
111,34,1,-1,-1
111,35,1,-1,-1
111,36,1,-1,-1
111,37,1,-1,-1
111,38,1,-1,-1
111,39,1,-1,-1
111,40,1,-1,-1
111,41,1,-1,-1
111,42,1,-1,-1
111,43,1,-1,-1
111,44,1,-1,-1
111,45,1,-1,-1
111,46,1,-1,-1
111,47,1,-1,-1
111,48,1,-1,-1
111,49,1,-1,-1
111,50,1,-1,-1
111,51,1,-1,-1
111,52,1,-1,-1
111,53,1,-1,-1
111,54,1,-1,-1
111,55,1,-1,-1
111,56,1,-1,-1
111,57,1,-1,-1
111,58,1,-1,-1
111,59,1,-1,-1
111,60,1,-1,-1
111,61,1,-1,-1
111,62,1,-1,-1
111,63,1,-1,-1
111,64,1,-1,-1
111,65,1,-1,-1
111,66,1,-1,-1
111,67,1,-1,-1
111,68,1,-1,-1
111,69,1,-1,-1
111,70,1,-1,-1
111,71,1,-1,-1
111,72,1,-1,-1
111,73,1,-1,-1
111,74,1,-1,-1
111,75,1,-1,-1
111,76,1,-1,-1
111,77,1,-1,-1
111,78,1,-1,-1
111,79,1,-1,-1
111,80,1,-1,-1
111,81,1,-1,-1
111,82,1,-1,-1
111,83,1,-1,-1
111,84,1,-1,-1
111,85,1,-1,-1
111,86,1,-1,-1
111,87,1,-1,-1
111,88,1,-1,-1
111,89,1,-1,-1
111,90,1,-1,-1
111,91,1,-1,-1
111,92,1,-1,-1
111,93,1,-1,-1
111,94,1,-1,-1
111,95,1,-1,-1
111,96,1,-1,-1
111,97,1,-1,-1
111,98,1,-1,-1
111,99,1,-1,-1
111,100,1,-1,-1
111,101,1,-1,-1
111,102,1,-1,-1
111,103,1,-1,-1
111,104,1,-1,-1
111,105,1,-1,-1
111,106,1,-1,-1
111,107,1,-1,-1
111,108,1,-1,-1
111,109,1,-1,-1
111,110,1,-1,-1
111,111,1,-1,-1
111,112,1,-1,-1
111,113,1,-1,-1
111,114,1,-1,-1
111,115,1,-1,-1
111,116,1,-1,-1
111,117,1,-1,-1
111,118,1,-1,-1
111,119,1,-1,-1
111,120,1,-1,-1
111,121,1,-1,-1
111,122,1,-1,-1
111,123,1,-1,-1
111,124,1,-1,-1
111,125,1,-1,-1
111,126,1,-1,-1
111,127,1,-1,-1
111,128,1,-1,-1
111,129,1,-1,-1
111,130,1,-1,-1
111,131,1,-1,-1
111,132,1,-1,-1
111,133,1,-1,-1
111,134,1,-1,-1
111,135,1,-1,-1
111,136,1,-1,-1
111,137,1,-1,-1
111,138,1,-1,-1
111,139,1,-1,-1
111,140,1,-1,-1
111,141,1,-1,-1
111,142,1,-1,-1
111,143,1,-1,-1
111,144,1,-1,-1
111,145,1,-1,-1
111,146,1,-1,-1
111,147,1,-1,-1
111,148,1,-1,-1
111,149,1,-1,-1
111,150,1,-1,-1
111,151,1,-1,-1
111,152,1,-1,-1
111,153,1,-1,-1
111,154,1,-1,-1
111,155,1,-1,-1
111,156,1,-1,-1
111,157,1,-1,-1
111,158,1,-1,-1
111,159,1,-1,-1
111,160,1,-1,-1
111,161,4,-1,-1
111,162,4,-1,-1
111,163,4,-1,-1
111,164,4,-1,-1
111,165,4,-1,-1
111,166,4,-1,-1
111,167,4,-1,-1
111,168,4,-1,-1
111,169,4,-1,-1
111,170,4,-1,-1
111,171,4,-1,-1
111,172,4,-1,-1
111,173,4,-1,-1
111,174,4,-1,-1
111,175,4,-1,-1
111,176,4,-1,-1
111,177,4,-1,-1
111,178,4,-1,-1
111,179,4,-1,-1
111,180,4,-1,-1
111,181,4,-1,-1
111,182,4,-1,-1
111,183,4,-1,-1
111,184,4,-1,-1
111,185,4,-1,-1
111,186,4,-1,-1
111,187,4,-1,-1
111,188,4,-1,-1
111,189,4,-1,-1
111,190,4,-1,-1
111,191,4,-1,-1
111,192,4,-1,-1
111,193,4,-1,-1
111,194,4,-1,-1
111,195,4,-1,-1
111,196,4,-1,-1
111,197,4,-1,-1
111,198,4,-1,-1
111,199,4,-1,-1
111,200,4,-1,-1
111,201,4,-1,-1
111,202,4,-1,-1
111,203,4,-1,-1
111,204,4,-1,-1
111,205,4,-1,-1
111,206,4,-1,-1
111,207,4,-1,-1
111,208,4,-1,-1
111,209,4,-1,-1
111,210,4,-1,-1
111,211,4,-1,-1
111,212,4,-1,-1
111,213,4,-1,-1
111,214,4,-1,-1
111,215,4,-1,-1
111,216,4,-1,-1
111,217,4,-1,-1
111,218,4,-1,-1
111,219,4,-1,-1
111,220,4,-1,-1
111,221,4,-1,-1
111,222,4,-1,-1
111,223,4,-1,-1
111,224,4,-1,-1
111,225,4,-1,-1
111,226,4,-1,-1
111,227,4,-1,-1
111,228,4,-1,-1
111,229,4,-1,-1
111,230,4,-1,-1
111,231,4,-1,-1
111,232,4,-1,-1
111,233,4,-1,-1
111,234,4,-1,-1
111,235,4,-1,-1
111,236,4,-1,-1
111,237,4,-1,-1
111,238,4,-1,-1
111,239,4,-1,-1
111,240,4,-1,-1
111,241,4,-1,-1
111,242,4,-1,-1
111,243,4,-1,-1
111,244,4,-1,-1
111,245,4,-1,-1
111,246,4,-1,-1
111,247,4,-1,-1
111,248,4,-1,-1
111,249,4,-1,-1
111,250,4,-1,-1
112,0,2,174503,4875.62
112,1,3,-6.31336e+006,4882.75
112,2,3,-6.51766e+006,4904.26
112,3,3,-8.97044e+006,4940.55
112,4,3,-8.42479e+006,4992.26
112,5,3,-1.36969e+007,5060.37
112,6,3,-1.79992e+007,5146.19
112,7,2,2.01625e+014,5251.46
112,8,3,-2.92419e+007,5378.37
112,9,3,-3.87613e+007,5529.85
112,10,3,-5.55663e+007,5709.62
112,11,2,3.79115e+017,5922.48
112,12,3,-1.30641e+008,6174.69
112,13,3,-1.70044e+008,6474.48
112,14,3,-2.59552e+008,6832.77
112,15,2,3.86098e+020,7264.64
112,16,3,-6.41057e+008,7791.28
112,17,2,8.80343e+021,8443.16
112,18,3,-1.84665e+009,9265.55
112,19,2,10476.7,10329.4
112,20,2,11949.4,11752.5
112,21,2,14015.1,13744.3
112,22,2,17145.9,16715.7
112,23,2,22387.1,21607.6
112,24,2,32910.6,31127.4
112,25,2,1.14779e+021,57585.1
112,26,2,1e+100,502249
112,27,1,-1,-1
112,28,1,-1,-1
112,29,1,-1,-1
112,30,1,-1,-1
112,31,1,-1,-1
112,32,1,-1,-1
112,33,1,-1,-1
112,34,1,-1,-1
112,35,1,-1,-1
112,36,1,-1,-1
112,37,1,-1,-1
112,38,1,-1,-1
112,39,1,-1,-1
112,40,1,-1,-1
112,41,1,-1,-1
112,42,1,-1,-1
112,43,1,-1,-1
112,44,1,-1,-1
112,45,1,-1,-1
112,46,1,-1,-1
112,47,1,-1,-1
112,48,1,-1,-1
112,49,1,-1,-1
112,50,1,-1,-1
112,51,1,-1,-1
112,52,1,-1,-1
112,53,1,-1,-1
112,54,1,-1,-1
112,55,1,-1,-1
112,56,1,-1,-1
112,57,1,-1,-1
112,58,1,-1,-1
112,59,1,-1,-1
112,60,1,-1,-1
112,61,1,-1,-1
112,62,1,-1,-1
112,63,1,-1,-1
112,64,1,-1,-1
112,65,1,-1,-1
112,66,1,-1,-1
112,67,1,-1,-1
112,68,1,-1,-1
112,69,1,-1,-1
112,70,1,-1,-1
112,71,1,-1,-1
112,72,1,-1,-1
112,73,1,-1,-1
112,74,1,-1,-1
112,75,1,-1,-1
112,76,1,-1,-1
112,77,1,-1,-1
112,78,1,-1,-1
112,79,1,-1,-1
112,80,1,-1,-1
112,81,1,-1,-1
112,82,1,-1,-1
112,83,1,-1,-1
112,84,1,-1,-1
112,85,1,-1,-1
112,86,1,-1,-1
112,87,1,-1,-1
112,88,1,-1,-1
112,89,1,-1,-1
112,90,1,-1,-1
112,91,1,-1,-1
112,92,1,-1,-1
112,93,1,-1,-1
112,94,1,-1,-1
112,95,1,-1,-1
112,96,1,-1,-1
112,97,1,-1,-1
112,98,1,-1,-1
112,99,1,-1,-1
112,100,1,-1,-1
112,101,1,-1,-1
112,102,1,-1,-1
112,103,1,-1,-1
112,104,1,-1,-1
112,105,1,-1,-1
112,106,1,-1,-1
112,107,1,-1,-1
112,108,1,-1,-1
112,109,1,-1,-1
112,110,1,-1,-1
112,111,1,-1,-1
112,112,1,-1,-1
112,113,1,-1,-1
112,114,1,-1,-1
112,115,1,-1,-1
112,116,1,-1,-1
112,117,1,-1,-1
112,118,1,-1,-1
112,119,1,-1,-1
112,120,1,-1,-1
112,121,1,-1,-1
112,122,1,-1,-1
112,123,1,-1,-1
112,124,1,-1,-1
112,125,1,-1,-1
112,126,1,-1,-1
112,127,1,-1,-1
112,128,1,-1,-1
112,129,1,-1,-1
112,130,1,-1,-1
112,131,1,-1,-1
112,132,1,-1,-1
112,133,1,-1,-1
112,134,1,-1,-1
112,135,1,-1,-1
112,136,1,-1,-1
112,137,1,-1,-1
112,138,1,-1,-1
112,139,1,-1,-1
112,140,1,-1,-1
112,141,1,-1,-1
112,142,1,-1,-1
112,143,1,-1,-1
112,144,1,-1,-1
112,145,1,-1,-1
112,146,1,-1,-1
112,147,1,-1,-1
112,148,1,-1,-1
112,149,1,-1,-1
112,150,1,-1,-1
112,151,1,-1,-1
112,152,1,-1,-1
112,153,1,-1,-1
112,154,1,-1,-1
112,155,1,-1,-1
112,156,1,-1,-1
112,157,1,-1,-1
112,158,1,-1,-1
112,159,1,-1,-1
112,160,1,-1,-1
112,161,4,-1,-1
112,162,4,-1,-1
112,163,4,-1,-1
112,164,4,-1,-1
112,165,4,-1,-1
112,166,4,-1,-1
112,167,4,-1,-1
112,168,4,-1,-1
112,169,4,-1,-1
112,170,4,-1,-1
112,171,4,-1,-1
112,172,4,-1,-1
112,173,4,-1,-1
112,174,4,-1,-1
112,175,4,-1,-1
112,176,4,-1,-1
112,177,4,-1,-1
112,178,4,-1,-1
112,179,4,-1,-1
112,180,4,-1,-1
112,181,4,-1,-1
112,182,4,-1,-1
112,183,4,-1,-1
112,184,4,-1,-1
112,185,4,-1,-1
112,186,4,-1,-1
112,187,4,-1,-1
112,188,4,-1,-1
112,189,4,-1,-1
112,190,4,-1,-1
112,191,4,-1,-1
112,192,4,-1,-1
112,193,4,-1,-1
112,194,4,-1,-1
112,195,4,-1,-1
112,196,4,-1,-1
112,197,4,-1,-1
112,198,4,-1,-1
112,199,4,-1,-1
112,200,4,-1,-1
112,201,4,-1,-1
112,202,4,-1,-1
112,203,4,-1,-1
112,204,4,-1,-1
112,205,4,-1,-1
112,206,4,-1,-1
112,207,4,-1,-1
112,208,4,-1,-1
112,209,4,-1,-1
112,210,4,-1,-1
112,211,4,-1,-1
112,212,4,-1,-1
112,213,4,-1,-1
112,214,4,-1,-1
112,215,4,-1,-1
112,216,4,-1,-1
112,217,4,-1,-1
112,218,4,-1,-1
112,219,4,-1,-1
112,220,4,-1,-1
112,221,4,-1,-1
112,222,4,-1,-1
112,223,4,-1,-1
112,224,4,-1,-1
112,225,4,-1,-1
112,226,4,-1,-1
112,227,4,-1,-1
112,228,4,-1,-1
112,229,4,-1,-1
112,230,4,-1,-1
112,231,4,-1,-1
112,232,4,-1,-1
112,233,4,-1,-1
112,234,4,-1,-1
112,235,4,-1,-1
112,236,4,-1,-1
112,237,4,-1,-1
112,238,4,-1,-1
112,239,4,-1,-1
112,240,4,-1,-1
112,241,4,-1,-1
112,242,4,-1,-1
112,243,4,-1,-1
112,244,4,-1,-1
112,245,4,-1,-1
112,246,4,-1,-1
112,247,4,-1,-1
112,248,4,-1,-1
112,249,4,-1,-1
112,250,4,-1,-1
113,0,3,-6.67404e+006,4448.01
113,1,3,-7.11197e+006,4453.94
113,2,3,-7.06552e+006,4471.8
113,3,3,-7.68562e+006,4501.9
113,4,3,-1.01501e+007,4544.74
113,5,3,-1.44181e+007,4601.03
113,6,3,-1.56417e+007,4671.76
113,7,3,-2.20579e+007,4758.22
113,8,3,-2.96394e+007,4862.07
113,9,3,-4.60658e+007,4985.42
113,10,3,-4.24938e+008,5130.95
113,11,3,-7.87043e+007,5302.06
113,12,3,-1.17046e+008,5503
113,13,3,-1.74625e+008,5739.51
113,14,3,-2.27322e+008,6019.01
113,15,3,-3.42113e+008,6351.36
113,16,3,-5.69823e+008,6749.87
113,17,3,-7.79961e+008,7233.02
113,18,3,-1.45806e+009,7827.57
113,19,3,-2.49824e+009,8572.94
113,20,2,9718.27,9529.59
113,21,2,11031.4,10796.7
113,22,2,12849.7,12547.8
113,23,2,15518.9,15113.6
113,24,2,19879.6,19220.9
113,25,2,28100.5,26827.3
113,26,2,1.21737e+033,45623.8
113,27,2,1e+100,168180
113,28,1,-1,-1
113,29,1,-1,-1
113,30,1,-1,-1
113,31,1,-1,-1
113,32,1,-1,-1
113,33,1,-1,-1
113,34,1,-1,-1
113,35,1,-1,-1
113,36,1,-1,-1
113,37,1,-1,-1
113,38,1,-1,-1
113,39,1,-1,-1
113,40,1,-1,-1
113,41,1,-1,-1
113,42,1,-1,-1
113,43,1,-1,-1
113,44,1,-1,-1
113,45,1,-1,-1
113,46,1,-1,-1
113,47,1,-1,-1
113,48,1,-1,-1
113,49,1,-1,-1
113,50,1,-1,-1
113,51,1,-1,-1
113,52,1,-1,-1
113,53,1,-1,-1
113,54,1,-1,-1
113,55,1,-1,-1
113,56,1,-1,-1
113,57,1,-1,-1
113,58,1,-1,-1
113,59,1,-1,-1
113,60,1,-1,-1
113,61,1,-1,-1
113,62,1,-1,-1
113,63,1,-1,-1
113,64,1,-1,-1
113,65,1,-1,-1
113,66,1,-1,-1
113,67,1,-1,-1
113,68,1,-1,-1
113,69,1,-1,-1
113,70,1,-1,-1
113,71,1,-1,-1
113,72,1,-1,-1
113,73,1,-1,-1
113,74,1,-1,-1
113,75,1,-1,-1
113,76,1,-1,-1
113,77,1,-1,-1
113,78,1,-1,-1
113,79,1,-1,-1
113,80,1,-1,-1
113,81,1,-1,-1
113,82,1,-1,-1
113,83,1,-1,-1
113,84,1,-1,-1
113,85,1,-1,-1
113,86,1,-1,-1
113,87,1,-1,-1
113,88,1,-1,-1
113,89,1,-1,-1
113,90,1,-1,-1
113,91,1,-1,-1
113,92,1,-1,-1
113,93,1,-1,-1
113,94,1,-1,-1
113,95,1,-1,-1
113,96,1,-1,-1
113,97,1,-1,-1
113,98,1,-1,-1
113,99,1,-1,-1
113,100,1,-1,-1
113,101,1,-1,-1
113,102,1,-1,-1
113,103,1,-1,-1
113,104,1,-1,-1
113,105,1,-1,-1
113,106,1,-1,-1
113,107,1,-1,-1
113,108,1,-1,-1
113,109,1,-1,-1
113,110,1,-1,-1
113,111,1,-1,-1
113,112,1,-1,-1
113,113,1,-1,-1
113,114,1,-1,-1
113,115,1,-1,-1
113,116,1,-1,-1
113,117,1,-1,-1
113,118,1,-1,-1
113,119,1,-1,-1
113,120,1,-1,-1
113,121,1,-1,-1
113,122,1,-1,-1
113,123,1,-1,-1
113,124,1,-1,-1
113,125,1,-1,-1
113,126,1,-1,-1
113,127,1,-1,-1
113,128,1,-1,-1
113,129,1,-1,-1
113,130,1,-1,-1
113,131,1,-1,-1
113,132,1,-1,-1
113,133,1,-1,-1
113,134,1,-1,-1
113,135,1,-1,-1
113,136,1,-1,-1
113,137,1,-1,-1
113,138,1,-1,-1
113,139,1,-1,-1
113,140,1,-1,-1
113,141,1,-1,-1
113,142,1,-1,-1
113,143,1,-1,-1
113,144,1,-1,-1
113,145,1,-1,-1
113,146,1,-1,-1
113,147,1,-1,-1
113,148,1,-1,-1
113,149,1,-1,-1
113,150,1,-1,-1
113,151,1,-1,-1
113,152,1,-1,-1
113,153,1,-1,-1
113,154,1,-1,-1
113,155,1,-1,-1
113,156,1,-1,-1
113,157,1,-1,-1
113,158,1,-1,-1
113,159,1,-1,-1
113,160,1,-1,-1
113,161,4,-1,-1
113,162,4,-1,-1
113,163,4,-1,-1
113,164,4,-1,-1
113,165,4,-1,-1
113,166,4,-1,-1
113,167,4,-1,-1
113,168,4,-1,-1
113,169,4,-1,-1
113,170,4,-1,-1
113,171,4,-1,-1
113,172,4,-1,-1
113,173,4,-1,-1
113,174,4,-1,-1
113,175,4,-1,-1
113,176,4,-1,-1
113,177,4,-1,-1
113,178,4,-1,-1
113,179,4,-1,-1
113,180,4,-1,-1
113,181,4,-1,-1
113,182,4,-1,-1
113,183,4,-1,-1
113,184,4,-1,-1
113,185,4,-1,-1
113,186,4,-1,-1
113,187,4,-1,-1
113,188,4,-1,-1
113,189,4,-1,-1
113,190,4,-1,-1
113,191,4,-1,-1
113,192,4,-1,-1
113,193,4,-1,-1
113,194,4,-1,-1
113,195,4,-1,-1
113,196,4,-1,-1
113,197,4,-1,-1
113,198,4,-1,-1
113,199,4,-1,-1
113,200,4,-1,-1
113,201,4,-1,-1
113,202,4,-1,-1
113,203,4,-1,-1
113,204,4,-1,-1
113,205,4,-1,-1
113,206,4,-1,-1
113,207,4,-1,-1
113,208,4,-1,-1
113,209,4,-1,-1
113,210,4,-1,-1
113,211,4,-1,-1
113,212,4,-1,-1
113,213,4,-1,-1
113,214,4,-1,-1
113,215,4,-1,-1
113,216,4,-1,-1
113,217,4,-1,-1
113,218,4,-1,-1
113,219,4,-1,-1
113,220,4,-1,-1
113,221,4,-1,-1
113,222,4,-1,-1
113,223,4,-1,-1
113,224,4,-1,-1
113,225,4,-1,-1
113,226,4,-1,-1
113,227,4,-1,-1
113,228,4,-1,-1
113,229,4,-1,-1
113,230,4,-1,-1
113,231,4,-1,-1
113,232,4,-1,-1
113,233,4,-1,-1
113,234,4,-1,-1
113,235,4,-1,-1
113,236,4,-1,-1
113,237,4,-1,-1
113,238,4,-1,-1
113,239,4,-1,-1
113,240,4,-1,-1
113,241,4,-1,-1
113,242,4,-1,-1
113,243,4,-1,-1
113,244,4,-1,-1
113,245,4,-1,-1
113,246,4,-1,-1
113,247,4,-1,-1
113,248,4,-1,-1
113,249,4,-1,-1
113,250,4,-1,-1
114,0,3,-7.48068e+006,4070.58
114,1,3,-7.8343e+006,4075.54
114,2,2,1.10961e+014,4090.48
114,3,2,3.77816e+010,4115.63
114,4,3,-9.83347e+006,4151.37
114,5,3,-1.62686e+007,4198.24
114,6,3,-1.49611e+007,4257
114,7,3,-2.31116e+007,4328.61
114,8,3,-4.81945e+010,4414.31
114,9,3,-4.06341e+007,4515.6
114,10,3,-5.47951e+007,4634.48
114,11,2,5.34275e+015,4773.43
114,12,3,-1.07322e+008,4935.54
114,13,3,-1.53748e+008,5124.8
114,14,3,-2.32054e+008,5346.24
114,15,3,-3.09334e+008,5606.46
114,16,3,-5.13069e+008,5914.32
114,17,3,-7.11261e+008,6281.71
114,18,3,-1.09869e+009,6724.87
114,19,3,-1.56032e+009,7266.98
114,20,2,8225.36,7942.24
114,21,2,9137.95,8802.54
114,22,2,10316.2,9931.02
114,23,2,11923.8,11471.1
114,24,2,14241.8,13689.3
114,25,2,17886.1,17148.2
114,26,2,24388.7,23273.7
114,27,3,-3.60362e+020,37020.3
114,28,2,1e+100,95778.5
114,29,1,-1,-1
114,30,1,-1,-1
114,31,1,-1,-1
114,32,1,-1,-1
114,33,1,-1,-1
114,34,1,-1,-1
114,35,1,-1,-1
114,36,1,-1,-1
114,37,1,-1,-1
114,38,1,-1,-1
114,39,1,-1,-1
114,40,1,-1,-1
114,41,1,-1,-1
114,42,1,-1,-1
114,43,1,-1,-1
114,44,1,-1,-1
114,45,1,-1,-1
114,46,1,-1,-1
114,47,1,-1,-1
114,48,1,-1,-1
114,49,1,-1,-1
114,50,1,-1,-1
114,51,1,-1,-1
114,52,1,-1,-1
114,53,1,-1,-1
114,54,1,-1,-1
114,55,1,-1,-1
114,56,1,-1,-1
114,57,1,-1,-1
114,58,1,-1,-1
114,59,1,-1,-1
114,60,1,-1,-1
114,61,1,-1,-1
114,62,1,-1,-1
114,63,1,-1,-1
114,64,1,-1,-1
114,65,1,-1,-1
114,66,1,-1,-1
114,67,1,-1,-1
114,68,1,-1,-1
114,69,1,-1,-1
114,70,1,-1,-1
114,71,1,-1,-1
114,72,1,-1,-1
114,73,1,-1,-1
114,74,1,-1,-1
114,75,1,-1,-1
114,76,1,-1,-1
114,77,1,-1,-1
114,78,1,-1,-1
114,79,1,-1,-1
114,80,1,-1,-1
114,81,1,-1,-1
114,82,1,-1,-1
114,83,1,-1,-1
114,84,1,-1,-1
114,85,1,-1,-1
114,86,1,-1,-1
114,87,1,-1,-1
114,88,1,-1,-1
114,89,1,-1,-1
114,90,1,-1,-1
114,91,1,-1,-1
114,92,1,-1,-1
114,93,1,-1,-1
114,94,1,-1,-1
114,95,1,-1,-1
114,96,1,-1,-1
114,97,1,-1,-1
114,98,1,-1,-1
114,99,1,-1,-1
114,100,1,-1,-1
114,101,1,-1,-1
114,102,1,-1,-1
114,103,1,-1,-1
114,104,1,-1,-1
114,105,1,-1,-1
114,106,1,-1,-1
114,107,1,-1,-1
114,108,1,-1,-1
114,109,1,-1,-1
114,110,1,-1,-1
114,111,1,-1,-1
114,112,1,-1,-1
114,113,1,-1,-1
114,114,1,-1,-1
114,115,1,-1,-1
114,116,1,-1,-1
114,117,1,-1,-1
114,118,1,-1,-1
114,119,1,-1,-1
114,120,1,-1,-1
114,121,1,-1,-1
114,122,1,-1,-1
114,123,1,-1,-1
114,124,1,-1,-1
114,125,1,-1,-1
114,126,1,-1,-1
114,127,1,-1,-1
114,128,1,-1,-1
114,129,1,-1,-1
114,130,1,-1,-1
114,131,1,-1,-1
114,132,1,-1,-1
114,133,1,-1,-1
114,134,1,-1,-1
114,135,1,-1,-1
114,136,1,-1,-1
114,137,1,-1,-1
114,138,1,-1,-1
114,139,1,-1,-1
114,140,1,-1,-1
114,141,1,-1,-1
114,142,1,-1,-1
114,143,1,-1,-1
114,144,1,-1,-1
114,145,1,-1,-1
114,146,1,-1,-1
114,147,1,-1,-1
114,148,1,-1,-1
114,149,1,-1,-1
114,150,1,-1,-1
114,151,1,-1,-1
114,152,1,-1,-1
114,153,1,-1,-1
114,154,1,-1,-1
114,155,1,-1,-1
114,156,1,-1,-1
114,157,1,-1,-1
114,158,1,-1,-1
114,159,1,-1,-1
114,160,1,-1,-1
114,161,4,-1,-1
114,162,4,-1,-1
114,163,4,-1,-1
114,164,4,-1,-1
114,165,4,-1,-1
114,166,4,-1,-1
114,167,4,-1,-1
114,168,4,-1,-1
114,169,4,-1,-1
114,170,4,-1,-1
114,171,4,-1,-1
114,172,4,-1,-1
114,173,4,-1,-1
114,174,4,-1,-1
114,175,4,-1,-1
114,176,4,-1,-1
114,177,4,-1,-1
114,178,4,-1,-1
114,179,4,-1,-1
114,180,4,-1,-1
114,181,4,-1,-1
114,182,4,-1,-1
114,183,4,-1,-1
114,184,4,-1,-1
114,185,4,-1,-1
114,186,4,-1,-1
114,187,4,-1,-1
114,188,4,-1,-1
114,189,4,-1,-1
114,190,4,-1,-1
114,191,4,-1,-1
114,192,4,-1,-1
114,193,4,-1,-1
114,194,4,-1,-1
114,195,4,-1,-1
114,196,4,-1,-1
114,197,4,-1,-1
114,198,4,-1,-1
114,199,4,-1,-1
114,200,4,-1,-1
114,201,4,-1,-1
114,202,4,-1,-1
114,203,4,-1,-1
114,204,4,-1,-1
114,205,4,-1,-1
114,206,4,-1,-1
114,207,4,-1,-1
114,208,4,-1,-1
114,209,4,-1,-1
114,210,4,-1,-1
114,211,4,-1,-1
114,212,4,-1,-1
114,213,4,-1,-1
114,214,4,-1,-1
114,215,4,-1,-1
114,216,4,-1,-1
114,217,4,-1,-1
114,218,4,-1,-1
114,219,4,-1,-1
114,220,4,-1,-1
114,221,4,-1,-1
114,222,4,-1,-1
114,223,4,-1,-1
114,224,4,-1,-1
114,225,4,-1,-1
114,226,4,-1,-1
114,227,4,-1,-1
114,228,4,-1,-1
114,229,4,-1,-1
114,230,4,-1,-1
114,231,4,-1,-1
114,232,4,-1,-1
114,233,4,-1,-1
114,234,4,-1,-1
114,235,4,-1,-1
114,236,4,-1,-1
114,237,4,-1,-1
114,238,4,-1,-1
114,239,4,-1,-1
114,240,4,-1,-1
114,241,4,-1,-1
114,242,4,-1,-1
114,243,4,-1,-1
114,244,4,-1,-1
114,245,4,-1,-1
114,246,4,-1,-1
114,247,4,-1,-1
114,248,4,-1,-1
114,249,4,-1,-1
114,250,4,-1,-1
115,0,3,-7.93971e+006,3736.05
115,1,3,-8.09196e+006,3740.22
115,2,3,-9.06522e+006,3752.79
115,3,2,5.68934e+016,3773.92
115,4,3,-1.21043e+009,3803.9
115,5,3,-1.39221e+007,3843.16
115,6,3,-1.91763e+007,3892.27
115,7,3,-2.479e+007,3951.96
115,8,3,-3.17662e+007,4023.17
115,9,3,-3.90493e+007,4107.06
115,10,3,-5.65621e+007,4205.08
115,11,2,5.87793e+018,4319.06
115,12,3,-1.08735e+008,4451.17
115,13,3,-1.43341e+008,4604.3
115,14,3,-1.57489e+008,4782.05
115,15,3,-3.11161e+008,4989.01
115,16,3,-4.58212e+008,5231.07
115,17,3,-6.74433e+008,5516.02
115,18,3,-9.08945e+009,5854.45
115,19,3,-1.52229e+009,6260.76
115,20,3,-2.27759e+009,6754.91
115,21,2,7856.21,7366.57
115,22,2,8703.53,8140.11
115,23,2,9800.77,9145.29
115,24,2,11257.3,10500.6
115,25,2,13368,12420.7
115,26,2,16476.2,15342.2
115,27,2,21747.5,20310.6
115,28,3,-1.98302e+013,30598.3
115,29,2,71556,64475.5
115,30,1,-1,-1
115,31,1,-1,-1
115,32,1,-1,-1
115,33,1,-1,-1
115,34,1,-1,-1
115,35,1,-1,-1
115,36,1,-1,-1
115,37,1,-1,-1
115,38,1,-1,-1
115,39,1,-1,-1
115,40,1,-1,-1
115,41,1,-1,-1
115,42,1,-1,-1
115,43,1,-1,-1
115,44,1,-1,-1
115,45,1,-1,-1
115,46,1,-1,-1
115,47,1,-1,-1
115,48,1,-1,-1
115,49,1,-1,-1
115,50,1,-1,-1
115,51,1,-1,-1
115,52,1,-1,-1
115,53,1,-1,-1
115,54,1,-1,-1
115,55,1,-1,-1
115,56,1,-1,-1
115,57,1,-1,-1
115,58,1,-1,-1
115,59,1,-1,-1
115,60,1,-1,-1
115,61,1,-1,-1
115,62,1,-1,-1
115,63,1,-1,-1
115,64,1,-1,-1
115,65,1,-1,-1
115,66,1,-1,-1
115,67,1,-1,-1
115,68,1,-1,-1
115,69,1,-1,-1
115,70,1,-1,-1
115,71,1,-1,-1
115,72,1,-1,-1
115,73,1,-1,-1
115,74,1,-1,-1
115,75,1,-1,-1
115,76,1,-1,-1
115,77,1,-1,-1
115,78,1,-1,-1
115,79,1,-1,-1
115,80,1,-1,-1
115,81,1,-1,-1
115,82,1,-1,-1
115,83,1,-1,-1
115,84,1,-1,-1
115,85,1,-1,-1
115,86,1,-1,-1
115,87,1,-1,-1
115,88,1,-1,-1
115,89,1,-1,-1
115,90,1,-1,-1
115,91,1,-1,-1
115,92,1,-1,-1
115,93,1,-1,-1
115,94,1,-1,-1
115,95,1,-1,-1
115,96,1,-1,-1
115,97,1,-1,-1
115,98,1,-1,-1
115,99,1,-1,-1
115,100,1,-1,-1
115,101,1,-1,-1
115,102,1,-1,-1
115,103,1,-1,-1
115,104,1,-1,-1
115,105,1,-1,-1
115,106,1,-1,-1
115,107,1,-1,-1
115,108,1,-1,-1
115,109,1,-1,-1
115,110,1,-1,-1
115,111,1,-1,-1
115,112,1,-1,-1
115,113,1,-1,-1
115,114,1,-1,-1
115,115,1,-1,-1
115,116,1,-1,-1
115,117,1,-1,-1
115,118,1,-1,-1
115,119,1,-1,-1
115,120,1,-1,-1
115,121,1,-1,-1
115,122,1,-1,-1
115,123,1,-1,-1
115,124,1,-1,-1
115,125,1,-1,-1
115,126,1,-1,-1
115,127,1,-1,-1
115,128,1,-1,-1
115,129,1,-1,-1
115,130,1,-1,-1
115,131,1,-1,-1
115,132,1,-1,-1
115,133,1,-1,-1
115,134,1,-1,-1
115,135,1,-1,-1
115,136,1,-1,-1
115,137,1,-1,-1
115,138,1,-1,-1
115,139,1,-1,-1
115,140,1,-1,-1
115,141,1,-1,-1
115,142,1,-1,-1
115,143,1,-1,-1
115,144,1,-1,-1
115,145,1,-1,-1
115,146,1,-1,-1
115,147,1,-1,-1
115,148,1,-1,-1
115,149,1,-1,-1
115,150,1,-1,-1
115,151,1,-1,-1
115,152,1,-1,-1
115,153,1,-1,-1
115,154,1,-1,-1
115,155,1,-1,-1
115,156,1,-1,-1
115,157,1,-1,-1
115,158,1,-1,-1
115,159,1,-1,-1
115,160,1,-1,-1
115,161,4,-1,-1
115,162,4,-1,-1
115,163,4,-1,-1
115,164,4,-1,-1
115,165,4,-1,-1
115,166,4,-1,-1
115,167,4,-1,-1
115,168,4,-1,-1
115,169,4,-1,-1
115,170,4,-1,-1
115,171,4,-1,-1
115,172,4,-1,-1
115,173,4,-1,-1
115,174,4,-1,-1
115,175,4,-1,-1
115,176,4,-1,-1
115,177,4,-1,-1
115,178,4,-1,-1
115,179,4,-1,-1
115,180,4,-1,-1
115,181,4,-1,-1
115,182,4,-1,-1
115,183,4,-1,-1
115,184,4,-1,-1
115,185,4,-1,-1
115,186,4,-1,-1
115,187,4,-1,-1
115,188,4,-1,-1
115,189,4,-1,-1
115,190,4,-1,-1
115,191,4,-1,-1
115,192,4,-1,-1
115,193,4,-1,-1
115,194,4,-1,-1
115,195,4,-1,-1
115,196,4,-1,-1
115,197,4,-1,-1
115,198,4,-1,-1
115,199,4,-1,-1
115,200,4,-1,-1
115,201,4,-1,-1
115,202,4,-1,-1
115,203,4,-1,-1
115,204,4,-1,-1
115,205,4,-1,-1
115,206,4,-1,-1
115,207,4,-1,-1
115,208,4,-1,-1
115,209,4,-1,-1
115,210,4,-1,-1
115,211,4,-1,-1
115,212,4,-1,-1
115,213,4,-1,-1
115,214,4,-1,-1
115,215,4,-1,-1
115,216,4,-1,-1
115,217,4,-1,-1
115,218,4,-1,-1
115,219,4,-1,-1
115,220,4,-1,-1
115,221,4,-1,-1
115,222,4,-1,-1
115,223,4,-1,-1
115,224,4,-1,-1
115,225,4,-1,-1
115,226,4,-1,-1
115,227,4,-1,-1
115,228,4,-1,-1
115,229,4,-1,-1
115,230,4,-1,-1
115,231,4,-1,-1
115,232,4,-1,-1
115,233,4,-1,-1
115,234,4,-1,-1
115,235,4,-1,-1
115,236,4,-1,-1
115,237,4,-1,-1
115,238,4,-1,-1
115,239,4,-1,-1
115,240,4,-1,-1
115,241,4,-1,-1
115,242,4,-1,-1
115,243,4,-1,-1
115,244,4,-1,-1
115,245,4,-1,-1
115,246,4,-1,-1
115,247,4,-1,-1
115,248,4,-1,-1
115,249,4,-1,-1
115,250,4,-1,-1
116,0,3,-8.55163e+006,3438.13
116,1,3,-8.76626e+006,3441.66
116,2,3,-9.4947e+006,3452.28
116,3,3,-1.03813e+007,3470.14
116,4,3,-1.3929e+007,3495.45
116,5,3,-1.43513e+007,3528.54
116,6,3,-2.00178e+007,3569.86
116,7,3,-2.63141e+007,3619.97
116,8,3,-3.52687e+007,3679.56
116,9,3,-4.59194e+007,3749.5
116,10,3,-5.93073e+007,3830.92
116,11,3,-7.79453e+007,3925.15
116,12,3,-1.01304e+008,4033.86
116,13,2,5.13038e+007,4159.12
116,14,3,-1.91394e+008,4303.43
116,15,2,9.10441e+019,4470.07
116,16,3,-4.14412e+008,4663.2
116,17,3,-4.84044e+008,4888.15
116,18,2,4.20044e+020,5151.71
116,19,3,-1.30625e+009,5463.3
116,20,3,-2.25466e+009,5835.57
116,21,3,-3.29708e+009,6285.95
116,22,2,7511.38,6839.93
116,23,2,8317.8,7535.4
116,24,2,9322.43,8430.98
116,25,2,10703.3,9624.52
116,26,2,11300.4,11288.6
116,27,2,15452.6,13763.4
116,28,2,19984.4,17820.4
116,29,2,7.38349e+031,25666.6
116,30,2,52104.4,47189.5
116,31,2,1e+100,356501
116,32,1,-1,-1
116,33,1,-1,-1
116,34,1,-1,-1
116,35,1,-1,-1
116,36,1,-1,-1
116,37,1,-1,-1
116,38,1,-1,-1
116,39,1,-1,-1
116,40,1,-1,-1
116,41,1,-1,-1
116,42,1,-1,-1
116,43,1,-1,-1
116,44,1,-1,-1
116,45,1,-1,-1
116,46,1,-1,-1
116,47,1,-1,-1
116,48,1,-1,-1
116,49,1,-1,-1
116,50,1,-1,-1
116,51,1,-1,-1
116,52,1,-1,-1
116,53,1,-1,-1
116,54,1,-1,-1
116,55,1,-1,-1
116,56,1,-1,-1
116,57,1,-1,-1
116,58,1,-1,-1
116,59,1,-1,-1
116,60,1,-1,-1
116,61,1,-1,-1
116,62,1,-1,-1
116,63,1,-1,-1
116,64,1,-1,-1
116,65,1,-1,-1
116,66,1,-1,-1
116,67,1,-1,-1
116,68,1,-1,-1
116,69,1,-1,-1
116,70,1,-1,-1
116,71,1,-1,-1
116,72,1,-1,-1
116,73,1,-1,-1
116,74,1,-1,-1
116,75,1,-1,-1
116,76,1,-1,-1
116,77,1,-1,-1
116,78,1,-1,-1
116,79,1,-1,-1
116,80,1,-1,-1
116,81,1,-1,-1
116,82,1,-1,-1
116,83,1,-1,-1
116,84,1,-1,-1
116,85,1,-1,-1
116,86,1,-1,-1
116,87,1,-1,-1
116,88,1,-1,-1
116,89,1,-1,-1
116,90,1,-1,-1
116,91,1,-1,-1
116,92,1,-1,-1
116,93,1,-1,-1
116,94,1,-1,-1
116,95,1,-1,-1
116,96,1,-1,-1
116,97,1,-1,-1
116,98,1,-1,-1
116,99,1,-1,-1
116,100,1,-1,-1
116,101,1,-1,-1
116,102,1,-1,-1
116,103,1,-1,-1
116,104,1,-1,-1
116,105,1,-1,-1
116,106,1,-1,-1
116,107,1,-1,-1
116,108,1,-1,-1
116,109,1,-1,-1
116,110,1,-1,-1
116,111,1,-1,-1
116,112,1,-1,-1
116,113,1,-1,-1
116,114,1,-1,-1
116,115,1,-1,-1
116,116,1,-1,-1
116,117,1,-1,-1
116,118,1,-1,-1
116,119,1,-1,-1
116,120,1,-1,-1
116,121,1,-1,-1
116,122,1,-1,-1
116,123,1,-1,-1
116,124,1,-1,-1
116,125,1,-1,-1
116,126,1,-1,-1
116,127,1,-1,-1
116,128,1,-1,-1
116,129,1,-1,-1
116,130,1,-1,-1
116,131,1,-1,-1
116,132,1,-1,-1
116,133,1,-1,-1
116,134,1,-1,-1
116,135,1,-1,-1
116,136,1,-1,-1
116,137,1,-1,-1
116,138,1,-1,-1
116,139,1,-1,-1
116,140,1,-1,-1
116,141,1,-1,-1
116,142,1,-1,-1
116,143,1,-1,-1
116,144,1,-1,-1
116,145,1,-1,-1
116,146,1,-1,-1
116,147,1,-1,-1
116,148,1,-1,-1
116,149,1,-1,-1
116,150,1,-1,-1
116,151,1,-1,-1
116,152,1,-1,-1
116,153,1,-1,-1
116,154,1,-1,-1
116,155,1,-1,-1
116,156,1,-1,-1
116,157,1,-1,-1
116,158,1,-1,-1
116,159,1,-1,-1
116,160,1,-1,-1
116,161,4,-1,-1
116,162,4,-1,-1
116,163,4,-1,-1
116,164,4,-1,-1
116,165,4,-1,-1
116,166,4,-1,-1
116,167,4,-1,-1
116,168,4,-1,-1
116,169,4,-1,-1
116,170,4,-1,-1
116,171,4,-1,-1
116,172,4,-1,-1
116,173,4,-1,-1
116,174,4,-1,-1
116,175,4,-1,-1
116,176,4,-1,-1
116,177,4,-1,-1
116,178,4,-1,-1
116,179,4,-1,-1
116,180,4,-1,-1
116,181,4,-1,-1
116,182,4,-1,-1
116,183,4,-1,-1
116,184,4,-1,-1
116,185,4,-1,-1
116,186,4,-1,-1
116,187,4,-1,-1
116,188,4,-1,-1
116,189,4,-1,-1
116,190,4,-1,-1
116,191,4,-1,-1
116,192,4,-1,-1
116,193,4,-1,-1
116,194,4,-1,-1
116,195,4,-1,-1
116,196,4,-1,-1
116,197,4,-1,-1
116,198,4,-1,-1
116,199,4,-1,-1
116,200,4,-1,-1
116,201,4,-1,-1
116,202,4,-1,-1
116,203,4,-1,-1
116,204,4,-1,-1
116,205,4,-1,-1
116,206,4,-1,-1
116,207,4,-1,-1
116,208,4,-1,-1
116,209,4,-1,-1
116,210,4,-1,-1
116,211,4,-1,-1
116,212,4,-1,-1
116,213,4,-1,-1
116,214,4,-1,-1
116,215,4,-1,-1
116,216,4,-1,-1
116,217,4,-1,-1
116,218,4,-1,-1
116,219,4,-1,-1
116,220,4,-1,-1
116,221,4,-1,-1
116,222,4,-1,-1
116,223,4,-1,-1
116,224,4,-1,-1
116,225,4,-1,-1
116,226,4,-1,-1
116,227,4,-1,-1
116,228,4,-1,-1
116,229,4,-1,-1
116,230,4,-1,-1
116,231,4,-1,-1
116,232,4,-1,-1
116,233,4,-1,-1
116,234,4,-1,-1
116,235,4,-1,-1
116,236,4,-1,-1
116,237,4,-1,-1
116,238,4,-1,-1
116,239,4,-1,-1
116,240,4,-1,-1
116,241,4,-1,-1
116,242,4,-1,-1
116,243,4,-1,-1
116,244,4,-1,-1
116,245,4,-1,-1
116,246,4,-1,-1
116,247,4,-1,-1
116,248,4,-1,-1
116,249,4,-1,-1
116,250,4,-1,-1
117,0,2,7.18331e+006,3171.88
117,1,3,-8.49491e+006,3174.88
117,2,3,-1.01522e+007,3183.9
117,3,2,4.44799e+013,3199.06
117,4,3,-9.18692e+006,3220.53
117,5,2,3.16773e+017,3248.56
117,6,3,-2.17699e+007,3283.49
117,7,3,-2.24761e+007,3325.77
117,8,3,-3.1938e+007,3375.94
117,9,3,-4.11703e+007,3434.68
117,10,3,-5.47984e+007,3502.81
117,11,3,-7.08494e+007,3581.33
117,12,2,3.80355e+018,3671.48
117,13,3,-1.35281e+008,3774.8
117,14,3,-1.78035e+008,3893.18
117,15,3,-2.5074e+008,4028.96
117,16,3,-3.69193e+008,4184.96
117,17,3,-5.37202e+008,4364.98
117,18,3,-7.9277e+008,4573.78
117,19,3,-1.13947e+009,4817.43
117,20,3,-1.41501e+009,5104.18
117,21,3,-7.4132e+008,5445.16
117,22,2,6576,5855.51
117,23,2,7183.79,6357.21
117,24,2,7929.72,6982.47
117,25,2,8895.34,7780.65
117,26,2,10169.8,8832.45
117,27,2,5.07747e+028,10276.7
117,28,2,14421,12379.2
117,29,2,18463.2,15712.6
117,30,2,1.35122e+041,21792.7
117,31,2,42633.1,36339.9
117,32,2,1e+100,117278
117,33,1,-1,-1
117,34,1,-1,-1
117,35,1,-1,-1
117,36,1,-1,-1
117,37,1,-1,-1
117,38,1,-1,-1
117,39,1,-1,-1
117,40,1,-1,-1
117,41,1,-1,-1
117,42,1,-1,-1
117,43,1,-1,-1
117,44,1,-1,-1
117,45,1,-1,-1
117,46,1,-1,-1
117,47,1,-1,-1
117,48,1,-1,-1
117,49,1,-1,-1
117,50,1,-1,-1
117,51,1,-1,-1
117,52,1,-1,-1
117,53,1,-1,-1
117,54,1,-1,-1
117,55,1,-1,-1
117,56,1,-1,-1
117,57,1,-1,-1
117,58,1,-1,-1
117,59,1,-1,-1
117,60,1,-1,-1
117,61,1,-1,-1
117,62,1,-1,-1
117,63,1,-1,-1
117,64,1,-1,-1
117,65,1,-1,-1
117,66,1,-1,-1
117,67,1,-1,-1
117,68,1,-1,-1
117,69,1,-1,-1
117,70,1,-1,-1
117,71,1,-1,-1
117,72,1,-1,-1
117,73,1,-1,-1
117,74,1,-1,-1
117,75,1,-1,-1
117,76,1,-1,-1
117,77,1,-1,-1
117,78,1,-1,-1
117,79,1,-1,-1
117,80,1,-1,-1
117,81,1,-1,-1
117,82,1,-1,-1
117,83,1,-1,-1
117,84,1,-1,-1
117,85,1,-1,-1
117,86,1,-1,-1
117,87,1,-1,-1
117,88,1,-1,-1
117,89,1,-1,-1
117,90,1,-1,-1
117,91,1,-1,-1
117,92,1,-1,-1
117,93,1,-1,-1
117,94,1,-1,-1
117,95,1,-1,-1
117,96,1,-1,-1
117,97,1,-1,-1
117,98,1,-1,-1
117,99,1,-1,-1
117,100,1,-1,-1
117,101,1,-1,-1
117,102,1,-1,-1
117,103,1,-1,-1
117,104,1,-1,-1
117,105,1,-1,-1
117,106,1,-1,-1
117,107,1,-1,-1
117,108,1,-1,-1
117,109,1,-1,-1
117,110,1,-1,-1
117,111,1,-1,-1
117,112,1,-1,-1
117,113,1,-1,-1
117,114,1,-1,-1
117,115,1,-1,-1
117,116,1,-1,-1
117,117,1,-1,-1
117,118,1,-1,-1
117,119,1,-1,-1
117,120,1,-1,-1
117,121,1,-1,-1
117,122,1,-1,-1
117,123,1,-1,-1
117,124,1,-1,-1
117,125,1,-1,-1
117,126,1,-1,-1
117,127,1,-1,-1
117,128,1,-1,-1
117,129,1,-1,-1
117,130,1,-1,-1
117,131,1,-1,-1
117,132,1,-1,-1
117,133,1,-1,-1
117,134,1,-1,-1
117,135,1,-1,-1
117,136,1,-1,-1
117,137,1,-1,-1
117,138,1,-1,-1
117,139,1,-1,-1
117,140,1,-1,-1
117,141,1,-1,-1
117,142,1,-1,-1
117,143,1,-1,-1
117,144,1,-1,-1
117,145,1,-1,-1
117,146,1,-1,-1
117,147,1,-1,-1
117,148,1,-1,-1
117,149,1,-1,-1
117,150,1,-1,-1
117,151,1,-1,-1
117,152,1,-1,-1
117,153,1,-1,-1
117,154,1,-1,-1
117,155,1,-1,-1
117,156,1,-1,-1
117,157,1,-1,-1
117,158,1,-1,-1
117,159,1,-1,-1
117,160,1,-1,-1
117,161,4,-1,-1
117,162,4,-1,-1
117,163,4,-1,-1
117,164,4,-1,-1
117,165,4,-1,-1
117,166,4,-1,-1
117,167,4,-1,-1
117,168,4,-1,-1
117,169,4,-1,-1
117,170,4,-1,-1
117,171,4,-1,-1
117,172,4,-1,-1
117,173,4,-1,-1
117,174,4,-1,-1
117,175,4,-1,-1
117,176,4,-1,-1
117,177,4,-1,-1
117,178,4,-1,-1
117,179,4,-1,-1
117,180,4,-1,-1
117,181,4,-1,-1
117,182,4,-1,-1
117,183,4,-1,-1
117,184,4,-1,-1
117,185,4,-1,-1
117,186,4,-1,-1
117,187,4,-1,-1
117,188,4,-1,-1
117,189,4,-1,-1
117,190,4,-1,-1
117,191,4,-1,-1
117,192,4,-1,-1
117,193,4,-1,-1
117,194,4,-1,-1
117,195,4,-1,-1
117,196,4,-1,-1
117,197,4,-1,-1
117,198,4,-1,-1
117,199,4,-1,-1
117,200,4,-1,-1
117,201,4,-1,-1
117,202,4,-1,-1
117,203,4,-1,-1
117,204,4,-1,-1
117,205,4,-1,-1
117,206,4,-1,-1
117,207,4,-1,-1
117,208,4,-1,-1
117,209,4,-1,-1
117,210,4,-1,-1
117,211,4,-1,-1
117,212,4,-1,-1
117,213,4,-1,-1
117,214,4,-1,-1
117,215,4,-1,-1
117,216,4,-1,-1
117,217,4,-1,-1
117,218,4,-1,-1
117,219,4,-1,-1
117,220,4,-1,-1
117,221,4,-1,-1
117,222,4,-1,-1
117,223,4,-1,-1
117,224,4,-1,-1
117,225,4,-1,-1
117,226,4,-1,-1
117,227,4,-1,-1
117,228,4,-1,-1
117,229,4,-1,-1
117,230,4,-1,-1
117,231,4,-1,-1
117,232,4,-1,-1
117,233,4,-1,-1
117,234,4,-1,-1
117,235,4,-1,-1
117,236,4,-1,-1
117,237,4,-1,-1
117,238,4,-1,-1
117,239,4,-1,-1
117,240,4,-1,-1
117,241,4,-1,-1
117,242,4,-1,-1
117,243,4,-1,-1
117,244,4,-1,-1
117,245,4,-1,-1
117,246,4,-1,-1
117,247,4,-1,-1
117,248,4,-1,-1
117,249,4,-1,-1
117,250,4,-1,-1
118,0,3,-1.15609e+007,2932.96
118,1,3,-6.44024e+006,2935.52
118,2,3,-1.09113e+007,2943.23
118,3,3,-1.24549e+007,2956.17
118,4,3,-1.68355e+007,2974.47
118,5,3,-1.7898e+007,2998.35
118,6,3,-2.36771e+007,3028.06
118,7,3,-2.5543e+007,3063.94
118,8,3,-3.42486e+007,3106.4
118,9,3,-4.3547e+007,3155.99
118,10,3,-5.8651e+006,3213.34
118,11,3,-7.44487e+007,3279.22
118,12,3,-9.7646e+007,3354.58
118,13,3,-9.22381e+007,3440.53
118,14,3,-1.786e+008,3538.45
118,15,3,-2.33501e+008,3650.1
118,16,3,-3.19726e+008,3777.58
118,17,3,-4.8193e+008,3923.47
118,18,3,-6.41438e+008,4091.11
118,19,2,7.13828e+020,4284.78
118,20,3,-1.53326e+009,4509.88
118,21,3,-1.90417e+009,4773.67
118,22,3,-3.83502e+009,5085.89
118,23,2,6312.47,5459.68
118,24,2,55624,5914.02
118,25,2,7593.19,6476.19
118,26,2,8467.31,7187.81
118,27,2,9637.01,8115.18
118,28,2,11239.8,9370.62
118,29,2,13534.9,11161.6
118,30,2,17066.9,13917
118,31,2,5.24802e+013,18691.6
118,32,2,36474.9,28963.5
118,33,2,82746.6,66960.5
118,34,1,-1,-1
118,35,1,-1,-1
118,36,1,-1,-1
118,37,1,-1,-1
118,38,1,-1,-1
118,39,1,-1,-1
118,40,1,-1,-1
118,41,1,-1,-1
118,42,1,-1,-1
118,43,1,-1,-1
118,44,1,-1,-1
118,45,1,-1,-1
118,46,1,-1,-1
118,47,1,-1,-1
118,48,1,-1,-1
118,49,1,-1,-1
118,50,1,-1,-1
118,51,1,-1,-1
118,52,1,-1,-1
118,53,1,-1,-1
118,54,1,-1,-1
118,55,1,-1,-1
118,56,1,-1,-1
118,57,1,-1,-1
118,58,1,-1,-1
118,59,1,-1,-1
118,60,1,-1,-1
118,61,1,-1,-1
118,62,1,-1,-1
118,63,1,-1,-1
118,64,1,-1,-1
118,65,1,-1,-1
118,66,1,-1,-1
118,67,1,-1,-1
118,68,1,-1,-1
118,69,1,-1,-1
118,70,1,-1,-1
118,71,1,-1,-1
118,72,1,-1,-1
118,73,1,-1,-1
118,74,1,-1,-1
118,75,1,-1,-1
118,76,1,-1,-1
118,77,1,-1,-1
118,78,1,-1,-1
118,79,1,-1,-1
118,80,1,-1,-1
118,81,1,-1,-1
118,82,1,-1,-1
118,83,1,-1,-1
118,84,1,-1,-1
118,85,1,-1,-1
118,86,1,-1,-1
118,87,1,-1,-1
118,88,1,-1,-1
118,89,1,-1,-1
118,90,1,-1,-1
118,91,1,-1,-1
118,92,1,-1,-1
118,93,1,-1,-1
118,94,1,-1,-1
118,95,1,-1,-1
118,96,1,-1,-1
118,97,1,-1,-1
118,98,1,-1,-1
118,99,1,-1,-1
118,100,1,-1,-1
118,101,1,-1,-1
118,102,1,-1,-1
118,103,1,-1,-1
118,104,1,-1,-1
118,105,1,-1,-1
118,106,1,-1,-1
118,107,1,-1,-1
118,108,1,-1,-1
118,109,1,-1,-1
118,110,1,-1,-1
118,111,1,-1,-1
118,112,1,-1,-1
118,113,1,-1,-1
118,114,1,-1,-1
118,115,1,-1,-1
118,116,1,-1,-1
118,117,1,-1,-1
118,118,1,-1,-1
118,119,1,-1,-1
118,120,1,-1,-1
118,121,1,-1,-1
118,122,1,-1,-1
118,123,1,-1,-1
118,124,1,-1,-1
118,125,1,-1,-1
118,126,1,-1,-1
118,127,1,-1,-1
118,128,1,-1,-1
118,129,1,-1,-1
118,130,1,-1,-1
118,131,1,-1,-1
118,132,1,-1,-1
118,133,1,-1,-1
118,134,1,-1,-1
118,135,1,-1,-1
118,136,1,-1,-1
118,137,1,-1,-1
118,138,1,-1,-1
118,139,1,-1,-1
118,140,1,-1,-1
118,141,1,-1,-1
118,142,1,-1,-1
118,143,1,-1,-1
118,144,1,-1,-1
118,145,1,-1,-1
118,146,1,-1,-1
118,147,1,-1,-1
118,148,1,-1,-1
118,149,1,-1,-1
118,150,1,-1,-1
118,151,1,-1,-1
118,152,1,-1,-1
118,153,1,-1,-1
118,154,1,-1,-1
118,155,1,-1,-1
118,156,1,-1,-1
118,157,1,-1,-1
118,158,1,-1,-1
118,159,1,-1,-1
118,160,1,-1,-1
118,161,4,-1,-1
118,162,4,-1,-1
118,163,4,-1,-1
118,164,4,-1,-1
118,165,4,-1,-1
118,166,4,-1,-1
118,167,4,-1,-1
118,168,4,-1,-1
118,169,4,-1,-1
118,170,4,-1,-1
118,171,4,-1,-1
118,172,4,-1,-1
118,173,4,-1,-1
118,174,4,-1,-1
118,175,4,-1,-1
118,176,4,-1,-1
118,177,4,-1,-1
118,178,4,-1,-1
118,179,4,-1,-1
118,180,4,-1,-1
118,181,4,-1,-1
118,182,4,-1,-1
118,183,4,-1,-1
118,184,4,-1,-1
118,185,4,-1,-1
118,186,4,-1,-1
118,187,4,-1,-1
118,188,4,-1,-1
118,189,4,-1,-1
118,190,4,-1,-1
118,191,4,-1,-1
118,192,4,-1,-1
118,193,4,-1,-1
118,194,4,-1,-1
118,195,4,-1,-1
118,196,4,-1,-1
118,197,4,-1,-1
118,198,4,-1,-1
118,199,4,-1,-1
118,200,4,-1,-1
118,201,4,-1,-1
118,202,4,-1,-1
118,203,4,-1,-1
118,204,4,-1,-1
118,205,4,-1,-1
118,206,4,-1,-1
118,207,4,-1,-1
118,208,4,-1,-1
118,209,4,-1,-1
118,210,4,-1,-1
118,211,4,-1,-1
118,212,4,-1,-1
118,213,4,-1,-1
118,214,4,-1,-1
118,215,4,-1,-1
118,216,4,-1,-1
118,217,4,-1,-1
118,218,4,-1,-1
118,219,4,-1,-1
118,220,4,-1,-1
118,221,4,-1,-1
118,222,4,-1,-1
118,223,4,-1,-1
118,224,4,-1,-1
118,225,4,-1,-1
118,226,4,-1,-1
118,227,4,-1,-1
118,228,4,-1,-1
118,229,4,-1,-1
118,230,4,-1,-1
118,231,4,-1,-1
118,232,4,-1,-1
118,233,4,-1,-1
118,234,4,-1,-1
118,235,4,-1,-1
118,236,4,-1,-1
118,237,4,-1,-1
118,238,4,-1,-1
118,239,4,-1,-1
118,240,4,-1,-1
118,241,4,-1,-1
118,242,4,-1,-1
118,243,4,-1,-1
118,244,4,-1,-1
118,245,4,-1,-1
118,246,4,-1,-1
118,247,4,-1,-1
118,248,4,-1,-1
118,249,4,-1,-1
118,250,4,-1,-1
119,0,3,-1.3089e+007,2717.91
119,1,3,-1.26215e+007,2720.11
119,2,3,-5.11503e+006,2726.71
119,3,3,-1.34491e+007,2737.8
119,4,3,-1.43504e+007,2753.47
119,5,3,-1.96861e+007,2773.88
119,6,3,-2.06438e+007,2799.25
119,7,3,-2.68021e+007,2829.85
119,8,3,-3.73717e+007,2866.01
119,9,3,-7.89258e+006,2908.13
119,10,2,5.55494e+018,2956.69
119,11,3,-7.66456e+007,3012.29
119,12,3,-7.54776e+008,3075.67
119,13,3,-1.28204e+008,3147.68
119,14,3,-1.66239e+008,3229.38
119,15,3,-2.20412e+008,3321.98
119,16,3,-3.02871e+008,3427.09
119,17,3,-4.00429e+008,3546.62
119,18,3,-6.37901e+008,3682.88
119,19,3,-8.27761e+008,3838.88
119,20,3,-1.37067e+009,4018.41
119,21,2,2.38827e+021,4226.25
119,22,3,-2.52678e+009,4468.82
119,23,2,5612.15,4754.61
119,24,2,6043.35,5095.06
119,25,2,6586.12,5506.52
119,26,2,7233.55,6012.02
119,27,2,8087.39,6646.76
119,28,2,9190.76,7465.06
119,29,2,1.17528e+026,8558.11
119,30,2,12710.8,10087.9
119,31,2,15887.3,12377.9
119,32,3,0.00140772,16172.3
119,33,2,31715.5,23664.3
119,34,2,62286.9,45333.5
119,35,2,1e+100,807815
119,36,1,-1,-1
119,37,1,-1,-1
119,38,1,-1,-1
119,39,1,-1,-1
119,40,1,-1,-1
119,41,1,-1,-1
119,42,1,-1,-1
119,43,1,-1,-1
119,44,1,-1,-1
119,45,1,-1,-1
119,46,1,-1,-1
119,47,1,-1,-1
119,48,1,-1,-1
119,49,1,-1,-1
119,50,1,-1,-1
119,51,1,-1,-1
119,52,1,-1,-1
119,53,1,-1,-1
119,54,1,-1,-1
119,55,1,-1,-1
119,56,1,-1,-1
119,57,1,-1,-1
119,58,1,-1,-1
119,59,1,-1,-1
119,60,1,-1,-1
119,61,1,-1,-1
119,62,1,-1,-1
119,63,1,-1,-1
119,64,1,-1,-1
119,65,1,-1,-1
119,66,1,-1,-1
119,67,1,-1,-1
119,68,1,-1,-1
119,69,1,-1,-1
119,70,1,-1,-1
119,71,1,-1,-1
119,72,1,-1,-1
119,73,1,-1,-1
119,74,1,-1,-1
119,75,1,-1,-1
119,76,1,-1,-1
119,77,1,-1,-1
119,78,1,-1,-1
119,79,1,-1,-1
119,80,1,-1,-1
119,81,1,-1,-1
119,82,1,-1,-1
119,83,1,-1,-1
119,84,1,-1,-1
119,85,1,-1,-1
119,86,1,-1,-1
119,87,1,-1,-1
119,88,1,-1,-1
119,89,1,-1,-1
119,90,1,-1,-1
119,91,1,-1,-1
119,92,1,-1,-1
119,93,1,-1,-1
119,94,1,-1,-1
119,95,1,-1,-1
119,96,1,-1,-1
119,97,1,-1,-1
119,98,1,-1,-1
119,99,1,-1,-1
119,100,1,-1,-1
119,101,1,-1,-1
119,102,1,-1,-1
119,103,1,-1,-1
119,104,1,-1,-1
119,105,1,-1,-1
119,106,1,-1,-1
119,107,1,-1,-1
119,108,1,-1,-1
119,109,1,-1,-1
119,110,1,-1,-1
119,111,1,-1,-1
119,112,1,-1,-1
119,113,1,-1,-1
119,114,1,-1,-1
119,115,1,-1,-1
119,116,1,-1,-1
119,117,1,-1,-1
119,118,1,-1,-1
119,119,1,-1,-1
119,120,1,-1,-1
119,121,1,-1,-1
119,122,1,-1,-1
119,123,1,-1,-1
119,124,1,-1,-1
119,125,1,-1,-1
119,126,1,-1,-1
119,127,1,-1,-1
119,128,1,-1,-1
119,129,1,-1,-1
119,130,1,-1,-1
119,131,1,-1,-1
119,132,1,-1,-1
119,133,1,-1,-1
119,134,1,-1,-1
119,135,1,-1,-1
119,136,1,-1,-1
119,137,1,-1,-1
119,138,1,-1,-1
119,139,1,-1,-1
119,140,1,-1,-1
119,141,1,-1,-1
119,142,1,-1,-1
119,143,1,-1,-1
119,144,1,-1,-1
119,145,1,-1,-1
119,146,1,-1,-1
119,147,1,-1,-1
119,148,1,-1,-1
119,149,1,-1,-1
119,150,1,-1,-1
119,151,1,-1,-1
119,152,1,-1,-1
119,153,1,-1,-1
119,154,1,-1,-1
119,155,1,-1,-1
119,156,1,-1,-1
119,157,1,-1,-1
119,158,1,-1,-1
119,159,1,-1,-1
119,160,1,-1,-1
119,161,4,-1,-1
119,162,4,-1,-1
119,163,4,-1,-1
119,164,4,-1,-1
119,165,4,-1,-1
119,166,4,-1,-1
119,167,4,-1,-1
119,168,4,-1,-1
119,169,4,-1,-1
119,170,4,-1,-1
119,171,4,-1,-1
119,172,4,-1,-1
119,173,4,-1,-1
119,174,4,-1,-1
119,175,4,-1,-1
119,176,4,-1,-1
119,177,4,-1,-1
119,178,4,-1,-1
119,179,4,-1,-1
119,180,4,-1,-1
119,181,4,-1,-1
119,182,4,-1,-1
119,183,4,-1,-1
119,184,4,-1,-1
119,185,4,-1,-1
119,186,4,-1,-1
119,187,4,-1,-1
119,188,4,-1,-1
119,189,4,-1,-1
119,190,4,-1,-1
119,191,4,-1,-1
119,192,4,-1,-1
119,193,4,-1,-1
119,194,4,-1,-1
119,195,4,-1,-1
119,196,4,-1,-1
119,197,4,-1,-1
119,198,4,-1,-1
119,199,4,-1,-1
119,200,4,-1,-1
119,201,4,-1,-1
119,202,4,-1,-1
119,203,4,-1,-1
119,204,4,-1,-1
119,205,4,-1,-1
119,206,4,-1,-1
119,207,4,-1,-1
119,208,4,-1,-1
119,209,4,-1,-1
119,210,4,-1,-1
119,211,4,-1,-1
119,212,4,-1,-1
119,213,4,-1,-1
119,214,4,-1,-1
119,215,4,-1,-1
119,216,4,-1,-1
119,217,4,-1,-1
119,218,4,-1,-1
119,219,4,-1,-1
119,220,4,-1,-1
119,221,4,-1,-1
119,222,4,-1,-1
119,223,4,-1,-1
119,224,4,-1,-1
119,225,4,-1,-1
119,226,4,-1,-1
119,227,4,-1,-1
119,228,4,-1,-1
119,229,4,-1,-1
119,230,4,-1,-1
119,231,4,-1,-1
119,232,4,-1,-1
119,233,4,-1,-1
119,234,4,-1,-1
119,235,4,-1,-1
119,236,4,-1,-1
119,237,4,-1,-1
119,238,4,-1,-1
119,239,4,-1,-1
119,240,4,-1,-1
119,241,4,-1,-1
119,242,4,-1,-1
119,243,4,-1,-1
119,244,4,-1,-1
119,245,4,-1,-1
119,246,4,-1,-1
119,247,4,-1,-1
119,248,4,-1,-1
119,249,4,-1,-1
119,250,4,-1,-1
120,0,3,-1.41845e+007,2523.7
120,1,3,-7.49479e+007,2525.59
120,2,3,-3.69238e+007,2531.28
120,3,3,-1.46364e+007,2540.82
120,4,2,1.3355e+006,2554.3
120,5,3,-2.10446e+007,2571.84
120,6,2,3.19546e+017,2593.6
120,7,3,-3.01151e+007,2619.8
120,8,3,-3.75284e+007,2650.71
120,9,3,-4.26905e+007,2686.65
120,10,3,-5.32731e+007,2728
120,11,3,-7.24986e+007,2775.22
120,12,3,-9.07568e+007,2828.85
120,13,3,-1.30438e+008,2889.56
120,14,3,-1.70739e+008,2958.17
120,15,3,-1.13224e+008,3035.62
120,16,3,-3.10858e+008,3123.03
120,17,3,-3.95928e+008,3221.84
120,18,3,-5.68382e+008,3333.78
120,19,3,-7.42933e+008,3460.93
120,20,3,-1.1053e+009,3605.98
120,21,3,-1.61266e+009,3772.32
120,22,3,-2.54767e+009,3964.13
120,23,3,-3.25571e+009,4187.13
120,24,2,5398.07,4448.64
120,25,2,5799.76,4758.72
120,26,2,6872.77,5131.24
120,27,2,6092.78,5586
120,28,2,7714.45,6152.25
120,29,2,8736.09,6875.12
120,30,2,10107.8,7827.91
120,31,2,13260.7,9138.6
120,32,2,14817.9,11051.1
120,33,2,19357.3,14098.6
120,34,2,8.09229e+018,19704.8
120,35,2,49407.7,33394.3
120,36,2,175607,117467
120,37,1,-1,-1
120,38,1,-1,-1
120,39,1,-1,-1
120,40,1,-1,-1
120,41,1,-1,-1
120,42,1,-1,-1
120,43,1,-1,-1
120,44,1,-1,-1
120,45,1,-1,-1
120,46,1,-1,-1
120,47,1,-1,-1
120,48,1,-1,-1
120,49,1,-1,-1
120,50,1,-1,-1
120,51,1,-1,-1
120,52,1,-1,-1
120,53,1,-1,-1
120,54,1,-1,-1
120,55,1,-1,-1
120,56,1,-1,-1
120,57,1,-1,-1
120,58,1,-1,-1
120,59,1,-1,-1
120,60,1,-1,-1
120,61,1,-1,-1
120,62,1,-1,-1
120,63,1,-1,-1
120,64,1,-1,-1
120,65,1,-1,-1
120,66,1,-1,-1
120,67,1,-1,-1
120,68,1,-1,-1
120,69,1,-1,-1
120,70,1,-1,-1
120,71,1,-1,-1
120,72,1,-1,-1
120,73,1,-1,-1
120,74,1,-1,-1
120,75,1,-1,-1
120,76,1,-1,-1
120,77,1,-1,-1
120,78,1,-1,-1
120,79,1,-1,-1
120,80,1,-1,-1
120,81,1,-1,-1
120,82,1,-1,-1
120,83,1,-1,-1
120,84,1,-1,-1
120,85,1,-1,-1
120,86,1,-1,-1
120,87,1,-1,-1
120,88,1,-1,-1
120,89,1,-1,-1
120,90,1,-1,-1
120,91,1,-1,-1
120,92,1,-1,-1
120,93,1,-1,-1
120,94,1,-1,-1
120,95,1,-1,-1
120,96,1,-1,-1
120,97,1,-1,-1
120,98,1,-1,-1
120,99,1,-1,-1
120,100,1,-1,-1
120,101,1,-1,-1
120,102,1,-1,-1
120,103,1,-1,-1
120,104,1,-1,-1
120,105,1,-1,-1
120,106,1,-1,-1
120,107,1,-1,-1
120,108,1,-1,-1
120,109,1,-1,-1
120,110,1,-1,-1
120,111,1,-1,-1
120,112,1,-1,-1
120,113,1,-1,-1
120,114,1,-1,-1
120,115,1,-1,-1
120,116,1,-1,-1
120,117,1,-1,-1
120,118,1,-1,-1
120,119,1,-1,-1
120,120,1,-1,-1
120,121,1,-1,-1
120,122,1,-1,-1
120,123,1,-1,-1
120,124,1,-1,-1
120,125,1,-1,-1
120,126,1,-1,-1
120,127,1,-1,-1
120,128,1,-1,-1
120,129,1,-1,-1
120,130,1,-1,-1
120,131,1,-1,-1
120,132,1,-1,-1
120,133,1,-1,-1
120,134,1,-1,-1
120,135,1,-1,-1
120,136,1,-1,-1
120,137,1,-1,-1
120,138,1,-1,-1
120,139,1,-1,-1
120,140,1,-1,-1
120,141,1,-1,-1
120,142,1,-1,-1
120,143,1,-1,-1
120,144,1,-1,-1
120,145,1,-1,-1
120,146,1,-1,-1
120,147,1,-1,-1
120,148,1,-1,-1
120,149,1,-1,-1
120,150,1,-1,-1
120,151,1,-1,-1
120,152,1,-1,-1
120,153,1,-1,-1
120,154,1,-1,-1
120,155,1,-1,-1
120,156,1,-1,-1
120,157,1,-1,-1
120,158,1,-1,-1
120,159,1,-1,-1
120,160,1,-1,-1
120,161,4,-1,-1
120,162,4,-1,-1
120,163,4,-1,-1
120,164,4,-1,-1
120,165,4,-1,-1
120,166,4,-1,-1
120,167,4,-1,-1
120,168,4,-1,-1
120,169,4,-1,-1
120,170,4,-1,-1
120,171,4,-1,-1
120,172,4,-1,-1
120,173,4,-1,-1
120,174,4,-1,-1
120,175,4,-1,-1
120,176,4,-1,-1
120,177,4,-1,-1
120,178,4,-1,-1
120,179,4,-1,-1
120,180,4,-1,-1
120,181,4,-1,-1
120,182,4,-1,-1
120,183,4,-1,-1
120,184,4,-1,-1
120,185,4,-1,-1
120,186,4,-1,-1
120,187,4,-1,-1
120,188,4,-1,-1
120,189,4,-1,-1
120,190,4,-1,-1
120,191,4,-1,-1
120,192,4,-1,-1
120,193,4,-1,-1
120,194,4,-1,-1
120,195,4,-1,-1
120,196,4,-1,-1
120,197,4,-1,-1
120,198,4,-1,-1
120,199,4,-1,-1
120,200,4,-1,-1
120,201,4,-1,-1
120,202,4,-1,-1
120,203,4,-1,-1
120,204,4,-1,-1
120,205,4,-1,-1
120,206,4,-1,-1
120,207,4,-1,-1
120,208,4,-1,-1
120,209,4,-1,-1
120,210,4,-1,-1
120,211,4,-1,-1
120,212,4,-1,-1
120,213,4,-1,-1
120,214,4,-1,-1
120,215,4,-1,-1
120,216,4,-1,-1
120,217,4,-1,-1
120,218,4,-1,-1
120,219,4,-1,-1
120,220,4,-1,-1
120,221,4,-1,-1
120,222,4,-1,-1
120,223,4,-1,-1
120,224,4,-1,-1
120,225,4,-1,-1
120,226,4,-1,-1
120,227,4,-1,-1
120,228,4,-1,-1
120,229,4,-1,-1
120,230,4,-1,-1
120,231,4,-1,-1
120,232,4,-1,-1
120,233,4,-1,-1
120,234,4,-1,-1
120,235,4,-1,-1
120,236,4,-1,-1
120,237,4,-1,-1
120,238,4,-1,-1
120,239,4,-1,-1
120,240,4,-1,-1
120,241,4,-1,-1
120,242,4,-1,-1
120,243,4,-1,-1
120,244,4,-1,-1
120,245,4,-1,-1
120,246,4,-1,-1
120,247,4,-1,-1
120,248,4,-1,-1
120,249,4,-1,-1
120,250,4,-1,-1
121,0,3,-1.55465e+007,2347.79
121,1,3,-1.06075e+007,2349.42
121,2,2,1.81615e+006,2354.34
121,3,3,-1.51815e+007,2362.57
121,4,3,-1.92274e+007,2374.2
121,5,3,-2.22935e+007,2389.33
121,6,2,6.06265e+006,2408.08
121,7,3,-3.21356e+007,2430.64
121,8,3,-2.98674e+007,2457.19
121,9,3,-4.60056e+007,2487.99
121,10,3,-5.93005e+007,2523.35
121,11,3,-6.95116e+007,2563.65
121,12,3,-9.58045e+007,2609.3
121,13,3,-1.22351e+008,2660.81
121,14,3,-1.56464e+008,2718.78
121,15,2,4.5258e+020,2783.97
121,16,3,-2.79971e+008,2857.24
121,17,3,-3.66707e+008,2939.62
121,18,3,-4.82934e+008,3032.39
121,19,3,-7.43668e+008,3137.12
121,20,3,-9.87291e+008,3255.67
121,21,2,2.11789e+008,3390.46
121,22,3,-2.05555e+009,3544.46
121,23,3,-3.35678e+009,3721.44
121,24,2,4868.38,3926.39
121,25,2,5170.86,4165.66
121,26,2,5565.54,4448.06
121,27,2,6056.95,4785.35
121,28,2,6638.57,5194.54
121,29,3,-2.59724e+019,5699.98
121,30,2,8333.1,6339.06
121,31,2,9598.45,7171.03
121,32,2,9958.14,8296.67
121,33,2,13863.9,9902.15
121,34,2,17839.2,12371.9
121,35,2,24311.4,16655
121,36,2,41031.5,25887.8
121,37,2,103832,60280.2
121,38,1,-1,-1
121,39,1,-1,-1
121,40,1,-1,-1
121,41,1,-1,-1
121,42,1,-1,-1
121,43,1,-1,-1
121,44,1,-1,-1
121,45,1,-1,-1
121,46,1,-1,-1
121,47,1,-1,-1
121,48,1,-1,-1
121,49,1,-1,-1
121,50,1,-1,-1
121,51,1,-1,-1
121,52,1,-1,-1
121,53,1,-1,-1
121,54,1,-1,-1
121,55,1,-1,-1
121,56,1,-1,-1
121,57,1,-1,-1
121,58,1,-1,-1
121,59,1,-1,-1
121,60,1,-1,-1
121,61,1,-1,-1
121,62,1,-1,-1
121,63,1,-1,-1
121,64,1,-1,-1
121,65,1,-1,-1
121,66,1,-1,-1
121,67,1,-1,-1
121,68,1,-1,-1
121,69,1,-1,-1
121,70,1,-1,-1
121,71,1,-1,-1
121,72,1,-1,-1
121,73,1,-1,-1
121,74,1,-1,-1
121,75,1,-1,-1
121,76,1,-1,-1
121,77,1,-1,-1
121,78,1,-1,-1
121,79,1,-1,-1
121,80,1,-1,-1
121,81,1,-1,-1
121,82,1,-1,-1
121,83,1,-1,-1
121,84,1,-1,-1
121,85,1,-1,-1
121,86,1,-1,-1
121,87,1,-1,-1
121,88,1,-1,-1
121,89,1,-1,-1
121,90,1,-1,-1
121,91,1,-1,-1
121,92,1,-1,-1
121,93,1,-1,-1
121,94,1,-1,-1
121,95,1,-1,-1
121,96,1,-1,-1
121,97,1,-1,-1
121,98,1,-1,-1
121,99,1,-1,-1
121,100,1,-1,-1
121,101,1,-1,-1
121,102,1,-1,-1
121,103,1,-1,-1
121,104,1,-1,-1
121,105,1,-1,-1
121,106,1,-1,-1
121,107,1,-1,-1
121,108,1,-1,-1
121,109,1,-1,-1
121,110,1,-1,-1
121,111,1,-1,-1
121,112,1,-1,-1
121,113,1,-1,-1
121,114,1,-1,-1
121,115,1,-1,-1
121,116,1,-1,-1
121,117,1,-1,-1
121,118,1,-1,-1
121,119,1,-1,-1
121,120,1,-1,-1
121,121,1,-1,-1
121,122,1,-1,-1
121,123,1,-1,-1
121,124,1,-1,-1
121,125,1,-1,-1
121,126,1,-1,-1
121,127,1,-1,-1
121,128,1,-1,-1
121,129,1,-1,-1
121,130,1,-1,-1
121,131,1,-1,-1
121,132,1,-1,-1
121,133,1,-1,-1
121,134,1,-1,-1
121,135,1,-1,-1
121,136,1,-1,-1
121,137,1,-1,-1
121,138,1,-1,-1
121,139,1,-1,-1
121,140,1,-1,-1
121,141,1,-1,-1
121,142,1,-1,-1
121,143,1,-1,-1
121,144,1,-1,-1
121,145,1,-1,-1
121,146,1,-1,-1
121,147,1,-1,-1
121,148,1,-1,-1
121,149,1,-1,-1
121,150,1,-1,-1
121,151,1,-1,-1
121,152,1,-1,-1
121,153,1,-1,-1
121,154,1,-1,-1
121,155,1,-1,-1
121,156,1,-1,-1
121,157,1,-1,-1
121,158,1,-1,-1
121,159,1,-1,-1
121,160,1,-1,-1
121,161,4,-1,-1
121,162,4,-1,-1
121,163,4,-1,-1
121,164,4,-1,-1
121,165,4,-1,-1
121,166,4,-1,-1
121,167,4,-1,-1
121,168,4,-1,-1
121,169,4,-1,-1
121,170,4,-1,-1
121,171,4,-1,-1
121,172,4,-1,-1
121,173,4,-1,-1
121,174,4,-1,-1
121,175,4,-1,-1
121,176,4,-1,-1
121,177,4,-1,-1
121,178,4,-1,-1
121,179,4,-1,-1
121,180,4,-1,-1
121,181,4,-1,-1
121,182,4,-1,-1
121,183,4,-1,-1
121,184,4,-1,-1
121,185,4,-1,-1
121,186,4,-1,-1
121,187,4,-1,-1
121,188,4,-1,-1
121,189,4,-1,-1
121,190,4,-1,-1
121,191,4,-1,-1
121,192,4,-1,-1
121,193,4,-1,-1
121,194,4,-1,-1
121,195,4,-1,-1
121,196,4,-1,-1
121,197,4,-1,-1
121,198,4,-1,-1
121,199,4,-1,-1
121,200,4,-1,-1
121,201,4,-1,-1
121,202,4,-1,-1
121,203,4,-1,-1
121,204,4,-1,-1
121,205,4,-1,-1
121,206,4,-1,-1
121,207,4,-1,-1
121,208,4,-1,-1
121,209,4,-1,-1
121,210,4,-1,-1
121,211,4,-1,-1
121,212,4,-1,-1
121,213,4,-1,-1
121,214,4,-1,-1
121,215,4,-1,-1
121,216,4,-1,-1
121,217,4,-1,-1
121,218,4,-1,-1
121,219,4,-1,-1
121,220,4,-1,-1
121,221,4,-1,-1
121,222,4,-1,-1
121,223,4,-1,-1
121,224,4,-1,-1
121,225,4,-1,-1
121,226,4,-1,-1
121,227,4,-1,-1
121,228,4,-1,-1
121,229,4,-1,-1
121,230,4,-1,-1
121,231,4,-1,-1
121,232,4,-1,-1
121,233,4,-1,-1
121,234,4,-1,-1
121,235,4,-1,-1
121,236,4,-1,-1
121,237,4,-1,-1
121,238,4,-1,-1
121,239,4,-1,-1
121,240,4,-1,-1
121,241,4,-1,-1
121,242,4,-1,-1
121,243,4,-1,-1
121,244,4,-1,-1
121,245,4,-1,-1
121,246,4,-1,-1
121,247,4,-1,-1
121,248,4,-1,-1
121,249,4,-1,-1
121,250,4,-1,-1
122,0,3,-1.47674e+007,2188.03
122,1,2,1.01254e+007,2189.44
122,2,3,-1.69301e+007,2193.71
122,3,2,1.41208e+006,2200.84
122,4,3,-1.86434e+007,2210.92
122,5,3,-2.42536e+007,2224.01
122,6,3,-2.7499e+007,2240.22
122,7,2,4.98155e+014,2259.69
122,8,3,-3.83639e+007,2282.59
122,9,3,-4.90578e+007,2309.13
122,10,3,-5.7817e+007,2339.52
122,11,2,1.66822e+019,2374.06
122,12,3,-9.80554e+007,2413.09
122,13,2,2.77065e+007,2457.03
122,14,3,-1.5712e+008,2506.33
122,15,2,2.39345e+006,2561.54
122,16,3,-2.59452e+008,2623.35
122,17,2,1.3092e+021,2692.55
122,18,3,-4.66925e+008,2770.06
122,19,3,-6.61519e+008,2857.07
122,20,3,-8.95849e+008,2954.97
122,21,3,-1.23558e+009,3065.43
122,22,3,-1.17718e+009,3190.62
122,23,3,-2.68189e+009,3333.14
122,24,3,-4.37995e+009,3496.39
122,25,2,4654.87,3684.65
122,26,2,5002.98,3903.59
122,27,2,5360.41,4160.69
122,28,2,5846.63,4466.23
122,29,2,6399.61,4834.41
122,30,2,7074.49,5285.93
122,31,2,7957.81,5851.39
122,32,2,9163.34,6579.01
122,33,3,-2.43571e+012,7548.49
122,34,2,12993.8,8901.86
122,35,2,16541.7,10920.7
122,36,2,22620.2,14250
122,37,2,3.54193e+095,20765.8
122,38,2,4.33831e+019,39209.3
122,39,2,1e+100,450958
122,40,1,-1,-1
122,41,1,-1,-1
122,42,1,-1,-1
122,43,1,-1,-1
122,44,1,-1,-1
122,45,1,-1,-1
122,46,1,-1,-1
122,47,1,-1,-1
122,48,1,-1,-1
122,49,1,-1,-1
122,50,1,-1,-1
122,51,1,-1,-1
122,52,1,-1,-1
122,53,1,-1,-1
122,54,1,-1,-1
122,55,1,-1,-1
122,56,1,-1,-1
122,57,1,-1,-1
122,58,1,-1,-1
122,59,1,-1,-1
122,60,1,-1,-1
122,61,1,-1,-1
122,62,1,-1,-1
122,63,1,-1,-1
122,64,1,-1,-1
122,65,1,-1,-1
122,66,1,-1,-1
122,67,1,-1,-1
122,68,1,-1,-1
122,69,1,-1,-1
122,70,1,-1,-1
122,71,1,-1,-1
122,72,1,-1,-1
122,73,1,-1,-1
122,74,1,-1,-1
122,75,1,-1,-1
122,76,1,-1,-1
122,77,1,-1,-1
122,78,1,-1,-1
122,79,1,-1,-1
122,80,1,-1,-1
122,81,1,-1,-1
122,82,1,-1,-1
122,83,1,-1,-1
122,84,1,-1,-1
122,85,1,-1,-1
122,86,1,-1,-1
122,87,1,-1,-1
122,88,1,-1,-1
122,89,1,-1,-1
122,90,1,-1,-1
122,91,1,-1,-1
122,92,1,-1,-1
122,93,1,-1,-1
122,94,1,-1,-1
122,95,1,-1,-1
122,96,1,-1,-1
122,97,1,-1,-1
122,98,1,-1,-1
122,99,1,-1,-1
122,100,1,-1,-1
122,101,1,-1,-1
122,102,1,-1,-1
122,103,1,-1,-1
122,104,1,-1,-1
122,105,1,-1,-1
122,106,1,-1,-1
122,107,1,-1,-1
122,108,1,-1,-1
122,109,1,-1,-1
122,110,1,-1,-1
122,111,1,-1,-1
122,112,1,-1,-1
122,113,1,-1,-1
122,114,1,-1,-1
122,115,1,-1,-1
122,116,1,-1,-1
122,117,1,-1,-1
122,118,1,-1,-1
122,119,1,-1,-1
122,120,1,-1,-1
122,121,1,-1,-1
122,122,1,-1,-1
122,123,1,-1,-1
122,124,1,-1,-1
122,125,1,-1,-1
122,126,1,-1,-1
122,127,1,-1,-1
122,128,1,-1,-1
122,129,1,-1,-1
122,130,1,-1,-1
122,131,1,-1,-1
122,132,1,-1,-1
122,133,1,-1,-1
122,134,1,-1,-1
122,135,1,-1,-1
122,136,1,-1,-1
122,137,1,-1,-1
122,138,1,-1,-1
122,139,1,-1,-1
122,140,1,-1,-1
122,141,1,-1,-1
122,142,1,-1,-1
122,143,1,-1,-1
122,144,1,-1,-1
122,145,1,-1,-1
122,146,1,-1,-1
122,147,1,-1,-1
122,148,1,-1,-1
122,149,1,-1,-1
122,150,1,-1,-1
122,151,1,-1,-1
122,152,1,-1,-1
122,153,1,-1,-1
122,154,1,-1,-1
122,155,1,-1,-1
122,156,1,-1,-1
122,157,1,-1,-1
122,158,1,-1,-1
122,159,1,-1,-1
122,160,1,-1,-1
122,161,4,-1,-1
122,162,4,-1,-1
122,163,4,-1,-1
122,164,4,-1,-1
122,165,4,-1,-1
122,166,4,-1,-1
122,167,4,-1,-1
122,168,4,-1,-1
122,169,4,-1,-1
122,170,4,-1,-1
122,171,4,-1,-1
122,172,4,-1,-1
122,173,4,-1,-1
122,174,4,-1,-1
122,175,4,-1,-1
122,176,4,-1,-1
122,177,4,-1,-1
122,178,4,-1,-1
122,179,4,-1,-1
122,180,4,-1,-1
122,181,4,-1,-1
122,182,4,-1,-1
122,183,4,-1,-1
122,184,4,-1,-1
122,185,4,-1,-1
122,186,4,-1,-1
122,187,4,-1,-1
122,188,4,-1,-1
122,189,4,-1,-1
122,190,4,-1,-1
122,191,4,-1,-1
122,192,4,-1,-1
122,193,4,-1,-1
122,194,4,-1,-1
122,195,4,-1,-1
122,196,4,-1,-1
122,197,4,-1,-1
122,198,4,-1,-1
122,199,4,-1,-1
122,200,4,-1,-1
122,201,4,-1,-1
122,202,4,-1,-1
122,203,4,-1,-1
122,204,4,-1,-1
122,205,4,-1,-1
122,206,4,-1,-1
122,207,4,-1,-1
122,208,4,-1,-1
122,209,4,-1,-1
122,210,4,-1,-1
122,211,4,-1,-1
122,212,4,-1,-1
122,213,4,-1,-1
122,214,4,-1,-1
122,215,4,-1,-1
122,216,4,-1,-1
122,217,4,-1,-1
122,218,4,-1,-1
122,219,4,-1,-1
122,220,4,-1,-1
122,221,4,-1,-1
122,222,4,-1,-1
122,223,4,-1,-1
122,224,4,-1,-1
122,225,4,-1,-1
122,226,4,-1,-1
122,227,4,-1,-1
122,228,4,-1,-1
122,229,4,-1,-1
122,230,4,-1,-1
122,231,4,-1,-1
122,232,4,-1,-1
122,233,4,-1,-1
122,234,4,-1,-1
122,235,4,-1,-1
122,236,4,-1,-1
122,237,4,-1,-1
122,238,4,-1,-1
122,239,4,-1,-1
122,240,4,-1,-1
122,241,4,-1,-1
122,242,4,-1,-1
122,243,4,-1,-1
122,244,4,-1,-1
122,245,4,-1,-1
122,246,4,-1,-1
122,247,4,-1,-1
122,248,4,-1,-1
122,249,4,-1,-1
122,250,4,-1,-1
123,0,3,-6.0606e+006,2042.54
123,1,3,-1.91077e+007,2043.77
123,2,3,-1.88794e+007,2047.48
123,3,3,-1.81789e+007,2053.69
123,4,3,-2.02616e+007,2062.45
123,5,3,-2.6792e+007,2073.82
123,6,2,1.29314e+019,2087.89
123,7,3,-3.65681e+007,2104.77
123,8,3,-4.16083e+007,2124.59
123,9,3,-5.07991e+007,2147.52
123,10,3,-6.40995e+007,2173.75
123,11,3,-7.30631e+007,2203.5
123,12,3,-9.57482e+007,2237.04
123,13,3,-1.14773e+008,2274.69
123,14,3,-1.30118e+008,2316.82
123,15,3,-2.00135e+008,2363.87
123,16,3,-3.30488e+007,2416.32
123,17,3,-3.33473e+008,2474.82
123,18,3,-4.78606e+008,2540.09
123,19,3,-5.86859e+008,2612.95
123,20,3,-8.73548e+008,2694.48
123,21,3,-1.1314e+009,2785.91
123,22,3,-1.51395e+009,2888.77
123,23,3,-2.12169e+009,3004.97
123,24,3,-3.27589e+009,3136.83
123,25,2,4255.34,3287.36
123,26,2,4526.26,3460.28
123,27,2,4802.65,3660.57
123,28,2,5200.63,3894.68
123,29,2,7.40571e+028,4171.42
123,30,2,6136.32,4502.93
123,31,2,6811.4,4906.38
123,32,2,7667.72,5407.3
123,33,2,8763.5,6044.67
123,34,2,10175.2,6881.63
123,35,2,12280.3,8027.71
123,36,2,15456.4,9690.31
123,37,2,6.81133e+027,12315.7
123,38,2,30968.2,17074.7
123,39,2,57642,28328.3
123,40,2,222149,87739.7
123,41,1,-1,-1
123,42,1,-1,-1
123,43,1,-1,-1
123,44,1,-1,-1
123,45,1,-1,-1
123,46,1,-1,-1
123,47,1,-1,-1
123,48,1,-1,-1
123,49,1,-1,-1
123,50,1,-1,-1
123,51,1,-1,-1
123,52,1,-1,-1
123,53,1,-1,-1
123,54,1,-1,-1
123,55,1,-1,-1
123,56,1,-1,-1
123,57,1,-1,-1
123,58,1,-1,-1
123,59,1,-1,-1
123,60,1,-1,-1
123,61,1,-1,-1
123,62,1,-1,-1
123,63,1,-1,-1
123,64,1,-1,-1
123,65,1,-1,-1
123,66,1,-1,-1
123,67,1,-1,-1
123,68,1,-1,-1
123,69,1,-1,-1
123,70,1,-1,-1
123,71,1,-1,-1
123,72,1,-1,-1
123,73,1,-1,-1
123,74,1,-1,-1
123,75,1,-1,-1
123,76,1,-1,-1
123,77,1,-1,-1
123,78,1,-1,-1
123,79,1,-1,-1
123,80,1,-1,-1
123,81,1,-1,-1
123,82,1,-1,-1
123,83,1,-1,-1
123,84,1,-1,-1
123,85,1,-1,-1
123,86,1,-1,-1
123,87,1,-1,-1
123,88,1,-1,-1
123,89,1,-1,-1
123,90,1,-1,-1
123,91,1,-1,-1
123,92,1,-1,-1
123,93,1,-1,-1
123,94,1,-1,-1
123,95,1,-1,-1
123,96,1,-1,-1
123,97,1,-1,-1
123,98,1,-1,-1
123,99,1,-1,-1
123,100,1,-1,-1
123,101,1,-1,-1
123,102,1,-1,-1
123,103,1,-1,-1
123,104,1,-1,-1
123,105,1,-1,-1
123,106,1,-1,-1
123,107,1,-1,-1
123,108,1,-1,-1
123,109,1,-1,-1
123,110,1,-1,-1
123,111,1,-1,-1
123,112,1,-1,-1
123,113,1,-1,-1
123,114,1,-1,-1
123,115,1,-1,-1
123,116,1,-1,-1
123,117,1,-1,-1
123,118,1,-1,-1
123,119,1,-1,-1
123,120,1,-1,-1
123,121,1,-1,-1
123,122,1,-1,-1
123,123,1,-1,-1
123,124,1,-1,-1
123,125,1,-1,-1
123,126,1,-1,-1
123,127,1,-1,-1
123,128,1,-1,-1
123,129,1,-1,-1
123,130,1,-1,-1
123,131,1,-1,-1
123,132,1,-1,-1
123,133,1,-1,-1
123,134,1,-1,-1
123,135,1,-1,-1
123,136,1,-1,-1
123,137,1,-1,-1
123,138,1,-1,-1
123,139,1,-1,-1
123,140,1,-1,-1
123,141,1,-1,-1
123,142,1,-1,-1
123,143,1,-1,-1
123,144,1,-1,-1
123,145,1,-1,-1
123,146,1,-1,-1
123,147,1,-1,-1
123,148,1,-1,-1
123,149,1,-1,-1
123,150,1,-1,-1
123,151,1,-1,-1
123,152,1,-1,-1
123,153,1,-1,-1
123,154,1,-1,-1
123,155,1,-1,-1
123,156,1,-1,-1
123,157,1,-1,-1
123,158,1,-1,-1
123,159,1,-1,-1
123,160,1,-1,-1
123,161,4,-1,-1
123,162,4,-1,-1
123,163,4,-1,-1
123,164,4,-1,-1
123,165,4,-1,-1
123,166,4,-1,-1
123,167,4,-1,-1
123,168,4,-1,-1
123,169,4,-1,-1
123,170,4,-1,-1
123,171,4,-1,-1
123,172,4,-1,-1
123,173,4,-1,-1
123,174,4,-1,-1
123,175,4,-1,-1
123,176,4,-1,-1
123,177,4,-1,-1
123,178,4,-1,-1
123,179,4,-1,-1
123,180,4,-1,-1
123,181,4,-1,-1
123,182,4,-1,-1
123,183,4,-1,-1
123,184,4,-1,-1
123,185,4,-1,-1
123,186,4,-1,-1
123,187,4,-1,-1
123,188,4,-1,-1
123,189,4,-1,-1
123,190,4,-1,-1
123,191,4,-1,-1
123,192,4,-1,-1
123,193,4,-1,-1
123,194,4,-1,-1
123,195,4,-1,-1
123,196,4,-1,-1
123,197,4,-1,-1
123,198,4,-1,-1
123,199,4,-1,-1
123,200,4,-1,-1
123,201,4,-1,-1
123,202,4,-1,-1
123,203,4,-1,-1
123,204,4,-1,-1
123,205,4,-1,-1
123,206,4,-1,-1
123,207,4,-1,-1
123,208,4,-1,-1
123,209,4,-1,-1
123,210,4,-1,-1
123,211,4,-1,-1
123,212,4,-1,-1
123,213,4,-1,-1
123,214,4,-1,-1
123,215,4,-1,-1
123,216,4,-1,-1
123,217,4,-1,-1
123,218,4,-1,-1
123,219,4,-1,-1
123,220,4,-1,-1
123,221,4,-1,-1
123,222,4,-1,-1
123,223,4,-1,-1
123,224,4,-1,-1
123,225,4,-1,-1
123,226,4,-1,-1
123,227,4,-1,-1
123,228,4,-1,-1
123,229,4,-1,-1
123,230,4,-1,-1
123,231,4,-1,-1
123,232,4,-1,-1
123,233,4,-1,-1
123,234,4,-1,-1
123,235,4,-1,-1
123,236,4,-1,-1
123,237,4,-1,-1
123,238,4,-1,-1
123,239,4,-1,-1
123,240,4,-1,-1
123,241,4,-1,-1
123,242,4,-1,-1
123,243,4,-1,-1
123,244,4,-1,-1
123,245,4,-1,-1
123,246,4,-1,-1
123,247,4,-1,-1
123,248,4,-1,-1
123,249,4,-1,-1
123,250,4,-1,-1
124,0,3,-1.47799e+007,1909.73
124,1,3,-2.05677e+007,1910.8
124,2,3,-1.22863e+008,1914.04
124,3,3,-2.1377e+007,1919.46
124,4,2,4.05051e+014,1927.09
124,5,3,-2.36858e+007,1937
124,6,3,-3.10595e+007,1949.26
124,7,3,-3.14994e+007,1963.95
124,8,3,-4.28246e+007,1981.17
124,9,3,-1.3381e+007,2001.06
124,10,3,-6.0989e+007,2023.77
124,11,3,-6.59945e+006,2049.5
124,12,3,-9.01986e+007,2078.45
124,13,3,-1.20071e+008,2110.86
124,14,2,5.91492e+020,2147.03
124,15,2,7.28061e+020,2187.32
124,16,3,-2.47157e+008,2232.11
124,17,3,-3.48403e+008,2281.86
124,18,3,-4.18219e+008,2337.14
124,19,3,-5.07331e+006,2398.61
124,20,3,-7.78832e+008,2467.03
124,21,3,-1.02462e+009,2543.37
124,22,3,-1.37916e+009,2628.69
124,23,3,-1.65783e+009,2724.44
124,24,3,-3.01861e+009,2832.24
124,25,3,-3.86426e+009,2954.22
124,26,2,4086.56,3092.94
124,27,2,4361.66,3251.79
124,28,2,5069.12,3434.97
124,29,2,5002.61,3648.18
124,30,2,5392,3898.9
124,31,2,5205.55,4197.42
124,32,2,6536.14,4558.27
124,33,2,8858.28,5002.4
124,34,2,8324.18,5561.57
124,35,2,9691.61,6286.08
124,36,2,9596.07,7260.51
124,37,2,14446.3,8638.94
124,38,2,19045.1,10735.8
124,39,2,27574.6,14305.5
124,40,2,78593,21728.5
124,41,2,128077,46506
124,42,1,-1,-1
124,43,1,-1,-1
124,44,1,-1,-1
124,45,1,-1,-1
124,46,1,-1,-1
124,47,1,-1,-1
124,48,1,-1,-1
124,49,1,-1,-1
124,50,1,-1,-1
124,51,1,-1,-1
124,52,1,-1,-1
124,53,1,-1,-1
124,54,1,-1,-1
124,55,1,-1,-1
124,56,1,-1,-1
124,57,1,-1,-1
124,58,1,-1,-1
124,59,1,-1,-1
124,60,1,-1,-1
124,61,1,-1,-1
124,62,1,-1,-1
124,63,1,-1,-1
124,64,1,-1,-1
124,65,1,-1,-1
124,66,1,-1,-1
124,67,1,-1,-1
124,68,1,-1,-1
124,69,1,-1,-1
124,70,1,-1,-1
124,71,1,-1,-1
124,72,1,-1,-1
124,73,1,-1,-1
124,74,1,-1,-1
124,75,1,-1,-1
124,76,1,-1,-1
124,77,1,-1,-1
124,78,1,-1,-1
124,79,1,-1,-1
124,80,1,-1,-1
124,81,1,-1,-1
124,82,1,-1,-1
124,83,1,-1,-1
124,84,1,-1,-1
124,85,1,-1,-1
124,86,1,-1,-1
124,87,1,-1,-1
124,88,1,-1,-1
124,89,1,-1,-1
124,90,1,-1,-1
124,91,1,-1,-1
124,92,1,-1,-1
124,93,1,-1,-1
124,94,1,-1,-1
124,95,1,-1,-1
124,96,1,-1,-1
124,97,1,-1,-1
124,98,1,-1,-1
124,99,1,-1,-1
124,100,1,-1,-1
124,101,1,-1,-1
124,102,1,-1,-1
124,103,1,-1,-1
124,104,1,-1,-1
124,105,1,-1,-1
124,106,1,-1,-1
124,107,1,-1,-1
124,108,1,-1,-1
124,109,1,-1,-1
124,110,1,-1,-1
124,111,1,-1,-1
124,112,1,-1,-1
124,113,1,-1,-1
124,114,1,-1,-1
124,115,1,-1,-1
124,116,1,-1,-1
124,117,1,-1,-1
124,118,1,-1,-1
124,119,1,-1,-1
124,120,1,-1,-1
124,121,1,-1,-1
124,122,1,-1,-1
124,123,1,-1,-1
124,124,1,-1,-1
124,125,1,-1,-1
124,126,1,-1,-1
124,127,1,-1,-1
124,128,1,-1,-1
124,129,1,-1,-1
124,130,1,-1,-1
124,131,1,-1,-1
124,132,1,-1,-1
124,133,1,-1,-1
124,134,1,-1,-1
124,135,1,-1,-1
124,136,1,-1,-1
124,137,1,-1,-1
124,138,1,-1,-1
124,139,1,-1,-1
124,140,1,-1,-1
124,141,1,-1,-1
124,142,1,-1,-1
124,143,1,-1,-1
124,144,1,-1,-1
124,145,1,-1,-1
124,146,1,-1,-1
124,147,1,-1,-1
124,148,1,-1,-1
124,149,1,-1,-1
124,150,1,-1,-1
124,151,1,-1,-1
124,152,1,-1,-1
124,153,1,-1,-1
124,154,1,-1,-1
124,155,1,-1,-1
124,156,1,-1,-1
124,157,1,-1,-1
124,158,1,-1,-1
124,159,1,-1,-1
124,160,1,-1,-1
124,161,4,-1,-1
124,162,4,-1,-1
124,163,4,-1,-1
124,164,4,-1,-1
124,165,4,-1,-1
124,166,4,-1,-1
124,167,4,-1,-1
124,168,4,-1,-1
124,169,4,-1,-1
124,170,4,-1,-1
124,171,4,-1,-1
124,172,4,-1,-1
124,173,4,-1,-1
124,174,4,-1,-1
124,175,4,-1,-1
124,176,4,-1,-1
124,177,4,-1,-1
124,178,4,-1,-1
124,179,4,-1,-1
124,180,4,-1,-1
124,181,4,-1,-1
124,182,4,-1,-1
124,183,4,-1,-1
124,184,4,-1,-1
124,185,4,-1,-1
124,186,4,-1,-1
124,187,4,-1,-1
124,188,4,-1,-1
124,189,4,-1,-1
124,190,4,-1,-1
124,191,4,-1,-1
124,192,4,-1,-1
124,193,4,-1,-1
124,194,4,-1,-1
124,195,4,-1,-1
124,196,4,-1,-1
124,197,4,-1,-1
124,198,4,-1,-1
124,199,4,-1,-1
124,200,4,-1,-1
124,201,4,-1,-1
124,202,4,-1,-1
124,203,4,-1,-1
124,204,4,-1,-1
124,205,4,-1,-1
124,206,4,-1,-1
124,207,4,-1,-1
124,208,4,-1,-1
124,209,4,-1,-1
124,210,4,-1,-1
124,211,4,-1,-1
124,212,4,-1,-1
124,213,4,-1,-1
124,214,4,-1,-1
124,215,4,-1,-1
124,216,4,-1,-1
124,217,4,-1,-1
124,218,4,-1,-1
124,219,4,-1,-1
124,220,4,-1,-1
124,221,4,-1,-1
124,222,4,-1,-1
124,223,4,-1,-1
124,224,4,-1,-1
124,225,4,-1,-1
124,226,4,-1,-1
124,227,4,-1,-1
124,228,4,-1,-1
124,229,4,-1,-1
124,230,4,-1,-1
124,231,4,-1,-1
124,232,4,-1,-1
124,233,4,-1,-1
124,234,4,-1,-1
124,235,4,-1,-1
124,236,4,-1,-1
124,237,4,-1,-1
124,238,4,-1,-1
124,239,4,-1,-1
124,240,4,-1,-1
124,241,4,-1,-1
124,242,4,-1,-1
124,243,4,-1,-1
124,244,4,-1,-1
124,245,4,-1,-1
124,246,4,-1,-1
124,247,4,-1,-1
124,248,4,-1,-1
124,249,4,-1,-1
124,250,4,-1,-1
125,0,3,-1.74758e+007,1788.22
125,1,3,-1.77715e+007,1789.16
125,2,2,3.74978e+006,1792
125,3,3,-2.3042e+007,1796.74
125,4,3,-1.69873e+007,1803.41
125,5,2,3.23809e+015,1812.07
125,6,3,-3.33654e+007,1822.78
125,7,3,-3.01611e+007,1835.59
125,8,3,-4.54736e+007,1850.61
125,9,3,-5.90156e+007,1867.93
125,10,3,-6.45488e+007,1887.68
125,11,3,-7.68799e+007,1910
125,12,3,-1.00284e+008,1935.08
125,13,3,-7.25286e+007,1963.11
125,14,3,-1.59475e+008,1994.31
125,15,3,-2.00869e+008,2028.96
125,16,2,1.67434e+021,2067.39
125,17,3,-3.19819e+008,2109.94
125,18,3,-3.96694e+008,2157.04
125,19,3,-4.54886e+009,2209.23
125,20,3,-6.94682e+008,2267.05
125,21,3,-1.01624e+009,2331.25
125,22,3,-9.94937e+008,2402.65
125,23,3,-1.46147e+009,2482.26
125,24,3,-2.65252e+009,2571.32
125,25,3,-3.69388e+009,2671.31
125,26,2,3749.34,2784.08
125,27,2,3991.33,2911.94
125,28,2,4241.81,3057.79
125,29,2,4481.6,3225.38
125,30,2,4823.66,3419.53
125,31,2,5200.33,3646.73
125,32,2,1.92797e+023,3915.72
125,33,2,6274.76,4238.59
125,34,2,7016.8,4632.81
125,35,2,8006.73,5124.23
125,36,2,9274.33,5752.91
125,37,2,1.92448e+038,6584.47
125,38,2,13579.6,7734.67
125,39,2,17653.4,9427.83
125,40,2,29854.3,12163.6
125,41,2,40439.3,17326.2
125,42,2,90316,30696.3
125,43,2,742923,147226
125,44,1,-1,-1
125,45,1,-1,-1
125,46,1,-1,-1
125,47,1,-1,-1
125,48,1,-1,-1
125,49,1,-1,-1
125,50,1,-1,-1
125,51,1,-1,-1
125,52,1,-1,-1
125,53,1,-1,-1
125,54,1,-1,-1
125,55,1,-1,-1
125,56,1,-1,-1
125,57,1,-1,-1
125,58,1,-1,-1
125,59,1,-1,-1
125,60,1,-1,-1
125,61,1,-1,-1
125,62,1,-1,-1
125,63,1,-1,-1
125,64,1,-1,-1
125,65,1,-1,-1
125,66,1,-1,-1
125,67,1,-1,-1
125,68,1,-1,-1
125,69,1,-1,-1
125,70,1,-1,-1
125,71,1,-1,-1
125,72,1,-1,-1
125,73,1,-1,-1
125,74,1,-1,-1
125,75,1,-1,-1
125,76,1,-1,-1
125,77,1,-1,-1
125,78,1,-1,-1
125,79,1,-1,-1
125,80,1,-1,-1
125,81,1,-1,-1
125,82,1,-1,-1
125,83,1,-1,-1
125,84,1,-1,-1
125,85,1,-1,-1
125,86,1,-1,-1
125,87,1,-1,-1
125,88,1,-1,-1
125,89,1,-1,-1
125,90,1,-1,-1
125,91,1,-1,-1
125,92,1,-1,-1
125,93,1,-1,-1
125,94,1,-1,-1
125,95,1,-1,-1
125,96,1,-1,-1
125,97,1,-1,-1
125,98,1,-1,-1
125,99,1,-1,-1
125,100,1,-1,-1
125,101,1,-1,-1
125,102,1,-1,-1
125,103,1,-1,-1
125,104,1,-1,-1
125,105,1,-1,-1
125,106,1,-1,-1
125,107,1,-1,-1
125,108,1,-1,-1
125,109,1,-1,-1
125,110,1,-1,-1
125,111,1,-1,-1
125,112,1,-1,-1
125,113,1,-1,-1
125,114,1,-1,-1
125,115,1,-1,-1
125,116,1,-1,-1
125,117,1,-1,-1
125,118,1,-1,-1
125,119,1,-1,-1
125,120,1,-1,-1
125,121,1,-1,-1
125,122,1,-1,-1
125,123,1,-1,-1
125,124,1,-1,-1
125,125,1,-1,-1
125,126,1,-1,-1
125,127,1,-1,-1
125,128,1,-1,-1
125,129,1,-1,-1
125,130,1,-1,-1
